2	0.99996	-2e-05	2e-06	0.049996	0.049998	
4	0.99988	-3.99992e-05	7.99968e-06	0.049988	0.049996	
6	0.99976	-5.99968e-05	1.79981e-05	0.049976	0.049994	
8	0.9996	-7.9992e-05	3.19936e-05	0.04996	0.049992	
10	0.9994	-9.9984e-05	4.9984e-05	0.04994	0.04999	
12	0.99916	-0.000119972	7.19664e-05	0.049916	0.049988	
14	0.99888	-0.000139955	9.79373e-05	0.0498881	0.049986	
16	0.99856	-0.000159933	0.000127893	0.0498561	0.049984	
18	0.998201	-0.000179904	0.000161827	0.0498202	0.049982	
20	0.997801	-0.000199868	0.000199736	0.0497803	0.0499801	
22	0.997361	-0.000219824	0.000241613	0.0497365	0.0499781	
24	0.996882	-0.000239771	0.000287451	0.0496887	0.0499761	
26	0.996362	-0.000259709	0.000337244	0.0496369	0.0499741	
28	0.995803	-0.000279636	0.000390982	0.0495812	0.0499722	
30	0.995204	-0.000299552	0.000448658	0.0495215	0.0499702	
32	0.994565	-0.000319456	0.000510262	0.049458	0.0499682	
34	0.993886	-0.000339348	0.000575784	0.0493905	0.0499663	
36	0.993168	-0.000359225	0.000645214	0.0493191	0.0499643	
38	0.99241	-0.000379089	0.000718541	0.0492438	0.0499624	
40	0.991612	-0.000398937	0.000795753	0.0491647	0.0499604	
42	0.990774	-0.000418769	0.000876838	0.0490817	0.0499585	
44	0.989897	-0.000438585	0.000961782	0.0489948	0.0499566	
46	0.98898	-0.000458383	0.00105057	0.0489041	0.0499547	
48	0.988024	-0.000478162	0.0011432	0.0488096	0.0499528	
50	0.987028	-0.000497923	0.00123963	0.0487112	0.0499509	
52	0.985993	-0.000517663	0.00133988	0.0486091	0.049949	
54	0.984918	-0.000537383	0.0014439	0.0485032	0.0499471	
56	0.983804	-0.000557081	0.0015517	0.0483935	0.0499452	
58	0.98265	-0.000576757	0.00166325	0.0482801	0.0499433	
60	0.981457	-0.00059641	0.00177853	0.0481629	0.0499415	
62	0.980225	-0.00061604	0.00189752	0.0480421	0.0499396	
64	0.978954	-0.000635644	0.00202022	0.0479176	0.0499378	
66	0.977644	-0.000655223	0.00214659	0.0477894	0.0499359	
68	0.976294	-0.000674776	0.00227661	0.0476575	0.0499341	
70	0.974905	-0.000694302	0.00241028	0.047522	0.0499323	
72	0.973478	-0.0007138	0.00254755	0.047383	0.0499305	
74	0.972011	-0.00073327	0.00268842	0.0472403	0.0499287	
76	0.970506	-0.00075271	0.00283286	0.0470941	0.0499269	
78	0.968962	-0.00077212	0.00298085	0.0469443	0.0499252	
80	0.967379	-0.000791499	0.00313235	0.0467911	0.0499234	
82	0.965757	-0.000810847	0.00328736	0.0466343	0.0499217	
84	0.964097	-0.000830162	0.00344584	0.0464741	0.04992	
86	0.962398	-0.000849444	0.00360777	0.0463105	0.0499182	
88	0.96066	-0.000868692	0.00377313	0.0461434	0.0499165	
90	0.958885	-0.000887905	0.00394188	0.045973	0.0499149	
92	0.95707	-0.000907083	0.00411399	0.0457992	0.0499132	
94	0.955218	-0.000926224	0.00428945	0.0456221	0.0499115	
96	0.953327	-0.000945328	0.00446823	0.0454416	0.0499099	
98	0.951398	-0.000964395	0.00465029	0.0452579	0.0499082	
100	0.949432	-0.000983423	0.0048356	0.045071	0.0499066	
102	0.947427	-0.00100241	0.00502414	0.0448809	0.049905	
104	0.945384	-0.00102136	0.00521588	0.0446876	0.0499034	
106	0.943304	-0.00104027	0.00541079	0.0444911	0.0499019	
108	0.941185	-0.00105913	0.00560882	0.0442915	0.0499003	
110	0.939029	-0.00107796	0.00580996	0.0440888	0.0498988	
112	0.936836	-0.00109674	0.00601417	0.0438831	0.0498972	
114	0.934605	-0.00111547	0.00622142	0.0436743	0.0498957	
116	0.932337	-0.00113417	0.00643167	0.0434626	0.0498943	
118	0.930031	-0.00115281	0.0066449	0.0432479	0.0498928	
120	0.927688	-0.00117141	0.00686106	0.0430303	0.0498913	
122	0.925308	-0.00118997	0.00708012	0.0428098	0.0498899	
124	0.922891	-0.00120847	0.00730205	0.0425864	0.0498885	
126	0.920437	-0.00122693	0.00752681	0.0423602	0.0498871	
128	0.917947	-0.00124534	0.00775437	0.0421313	0.0498857	
130	0.915419	-0.0012637	0.00798469	0.0418996	0.0498843	
132	0.912855	-0.00128201	0.00821773	0.0416652	0.049883	
134	0.910255	-0.00130027	0.00845345	0.0414282	0.0498816	
136	0.907618	-0.00131847	0.00869182	0.0411885	0.0498803	
138	0.904944	-0.00133662	0.0089328	0.0409462	0.049879	
140	0.902235	-0.00135472	0.00917635	0.0407014	0.0498778	
142	0.89949	-0.00137277	0.00942244	0.0404541	0.0498765	
144	0.896708	-0.00139076	0.00967101	0.0402043	0.0498753	
146	0.893891	-0.00140869	0.00992204	0.039952	0.0498741	
148	0.891037	-0.00142657	0.0101755	0.0396974	0.0498729	
150	0.888149	-0.00144439	0.0104313	0.0394404	0.0498717	
152	0.885224	-0.00146215	0.0106894	0.0391811	0.0498705	
154	0.882265	-0.00147986	0.0109499	0.0389195	0.0498694	
156	0.87927	-0.0014975	0.0112126	0.0386558	0.0498683	
158	0.876239	-0.00151509	0.0114774	0.0383898	0.0498672	
160	0.873174	-0.00153261	0.0117445	0.0381217	0.0498662	
162	0.870074	-0.00155008	0.0120137	0.0378514	0.0498651	
164	0.866939	-0.00156748	0.0122849	0.0375792	0.0498641	
166	0.863769	-0.00158482	0.0125582	0.0373049	0.0498631	
168	0.860565	-0.00160209	0.0128335	0.0370286	0.0498621	
170	0.857327	-0.0016193	0.0131107	0.0367504	0.0498611	
172	0.854054	-0.00163645	0.0133898	0.0364704	0.0498602	
174	0.850747	-0.00165353	0.0136708	0.0361885	0.0498593	
176	0.847406	-0.00167054	0.0139536	0.0359048	0.0498584	
178	0.844031	-0.00168749	0.0142382	0.0356194	0.0498575	
180	0.840622	-0.00170437	0.0145244	0.0353323	0.0498567	
182	0.83718	-0.00172119	0.0148124	0.0350435	0.0498559	
184	0.833704	-0.00173793	0.015102	0.0347531	0.0498551	
186	0.830194	-0.0017546	0.0153932	0.0344611	0.0498543	
188	0.826652	-0.00177121	0.0156859	0.0341677	0.0498536	
190	0.823077	-0.00178774	0.0159801	0.0338727	0.0498528	
192	0.819468	-0.0018042	0.0162757	0.0335764	0.0498521	
194	0.815827	-0.00182059	0.0165728	0.0332787	0.0498514	
196	0.812153	-0.00183691	0.0168712	0.0329796	0.0498508	
198	0.808447	-0.00185315	0.0171708	0.0326793	0.0498502	
200	0.804708	-0.00186932	0.0174718	0.0323778	0.0498496	
202	0.800937	-0.00188541	0.0177739	0.032075	0.049849	
204	0.797135	-0.00190143	0.0180772	0.0317712	0.0498484	
206	0.7933	-0.00191738	0.0183816	0.0314662	0.0498479	
208	0.789433	-0.00193324	0.0186871	0.0311603	0.0498474	
210	0.785535	-0.00194903	0.0189936	0.0308533	0.0498469	
212	0.781606	-0.00196474	0.019301	0.0305454	0.0498464	
214	0.777645	-0.00198037	0.0196094	0.0302366	0.049846	
216	0.773653	-0.00199593	0.0199186	0.029927	0.0498456	
218	0.76963	-0.0020114	0.0202286	0.0296166	0.0498452	
220	0.765577	-0.00202679	0.0205394	0.0293054	0.0498448	
222	0.761493	-0.0020421	0.0208509	0.0289936	0.0498445	
224	0.757378	-0.00205733	0.0211631	0.0286811	0.0498442	
226	0.753233	-0.00207248	0.0214759	0.028368	0.0498439	
228	0.749058	-0.00208755	0.0217892	0.0280544	0.0498436	
230	0.744853	-0.00210253	0.0221031	0.0277403	0.0498434	
232	0.740618	-0.00211742	0.0224174	0.0274258	0.0498432	
234	0.736354	-0.00213224	0.0227321	0.0271108	0.049843	
236	0.73206	-0.00214696	0.0230472	0.0267956	0.0498428	
238	0.727736	-0.0021616	0.0233627	0.02648	0.0498427	
240	0.723384	-0.00217616	0.0236783	0.0261642	0.0498426	
242	0.719003	-0.00219063	0.0239942	0.0258483	0.0498425	
244	0.714593	-0.00220501	0.0243103	0.0255321	0.0498424	
246	0.710154	-0.0022193	0.0246264	0.025216	0.0498424	
248	0.705687	-0.0022335	0.0249426	0.0248997	0.0498424	
250	0.701192	-0.00224762	0.0252589	0.0245835	0.0498424	
252	0.696669	-0.00226164	0.0255751	0.0242674	0.0498424	
254	0.692118	-0.00227557	0.0258911	0.0239513	0.0498425	
256	0.687539	-0.00228941	0.0262071	0.0236355	0.0498426	
258	0.682932	-0.00230317	0.0265228	0.0233198	0.0498427	
260	0.678299	-0.00231682	0.0268384	0.0230045	0.0498428	
262	0.673638	-0.00233039	0.0271536	0.0226894	0.049843	
264	0.66895	-0.00234386	0.0274685	0.0223747	0.0498432	
266	0.664236	-0.00235724	0.0277829	0.0220605	0.0498434	
268	0.659495	-0.00237053	0.028097	0.0217467	0.0498436	
270	0.654727	-0.00238372	0.0284105	0.0214334	0.0498439	
272	0.649934	-0.00239681	0.0287235	0.0211207	0.0498442	
274	0.645114	-0.00240981	0.0290359	0.0208086	0.0498445	
276	0.640269	-0.00242271	0.0293477	0.0204972	0.0498448	
278	0.635398	-0.00243552	0.0296587	0.0201865	0.0498452	
280	0.630501	-0.00244822	0.029969	0.0198766	0.0498456	
282	0.625579	-0.00246083	0.0302785	0.0195675	0.049846	
284	0.620633	-0.00247335	0.0305872	0.0192592	0.0498465	
286	0.615661	-0.00248576	0.030895	0.0189519	0.0498469	
288	0.610665	-0.00249807	0.0312018	0.0186456	0.0498474	
290	0.605645	-0.00251029	0.0315077	0.0183403	0.0498479	
292	0.6006	-0.0025224	0.0318125	0.018036	0.0498485	
294	0.595531	-0.00253441	0.0321162	0.0177329	0.049849	
296	0.590438	-0.00254632	0.0324188	0.0174309	0.0498496	
298	0.585322	-0.00255813	0.0327201	0.0171301	0.0498502	
300	0.580182	-0.00256984	0.0330203	0.0168306	0.0498509	
302	0.575019	-0.00258144	0.0333192	0.0165324	0.0498515	
304	0.569834	-0.00259294	0.0336167	0.0162355	0.0498522	
306	0.564625	-0.00260434	0.0339129	0.0159401	0.0498529	
308	0.559394	-0.00261563	0.0342076	0.0156461	0.0498536	
310	0.55414	-0.00262682	0.0345008	0.0153536	0.0498544	
312	0.548864	-0.0026379	0.0347926	0.0150626	0.0498552	
314	0.543566	-0.00264888	0.0350828	0.0147732	0.049856	
316	0.538247	-0.00265975	0.0353713	0.0144855	0.0498568	
318	0.532906	-0.00267051	0.0356582	0.0141994	0.0498577	
320	0.527544	-0.00268117	0.0359434	0.0139151	0.0498585	
322	0.52216	-0.00269172	0.0362269	0.0136326	0.0498594	
324	0.516756	-0.00270217	0.0365085	0.0133518	0.0498603	
326	0.511331	-0.0027125	0.0367883	0.013073	0.0498613	
328	0.505885	-0.00272273	0.0370662	0.012796	0.0498622	
330	0.50042	-0.00273285	0.0373422	0.012521	0.0498632	
332	0.494934	-0.00274285	0.0376162	0.012248	0.0498642	
334	0.489428	-0.00275275	0.0378882	0.011977	0.0498652	
336	0.483903	-0.00276254	0.0381582	0.0117081	0.0498663	
338	0.478359	-0.00277222	0.038426	0.0114414	0.0498674	
340	0.472795	-0.00278179	0.0386917	0.0111768	0.0498684	
342	0.467213	-0.00279124	0.0389552	0.0109144	0.0498696	
344	0.461612	-0.00280059	0.0392164	0.0106543	0.0498707	
346	0.455992	-0.00280982	0.0394754	0.0103964	0.0498718	
348	0.450354	-0.00281894	0.0397321	0.0101409	0.049873	
350	0.444698	-0.00282795	0.0399864	0.00988783	0.0498742	
352	0.439025	-0.00283684	0.0402383	0.00963713	0.0498754	
354	0.433333	-0.00284562	0.0404878	0.00938889	0.0498767	
356	0.427625	-0.00285429	0.0407348	0.00914315	0.0498779	
358	0.421899	-0.00286284	0.0409792	0.00889994	0.0498792	
360	0.416157	-0.00287128	0.0412212	0.00865931	0.0498805	
362	0.410397	-0.0028796	0.0414605	0.0084213	0.0498818	
364	0.404622	-0.00288781	0.0416972	0.00818594	0.0498831	
366	0.39883	-0.0028959	0.0419312	0.00795326	0.0498845	
368	0.393022	-0.00290388	0.0421625	0.00772332	0.0498858	
370	0.387199	-0.00291174	0.0423911	0.00749614	0.0498872	
372	0.38136	-0.00291948	0.0426169	0.00727176	0.0498886	
374	0.375505	-0.00292711	0.0428398	0.00705022	0.0498901	
376	0.369636	-0.00293462	0.04306	0.00683155	0.0498915	
378	0.363752	-0.00294201	0.0432772	0.00661578	0.049893	
380	0.357854	-0.00294929	0.0434915	0.00640296	0.0498944	
382	0.351941	-0.00295644	0.0437028	0.00619311	0.0498959	
384	0.346014	-0.00296348	0.0439112	0.00598628	0.0498974	
386	0.340073	-0.0029704	0.0441165	0.00578248	0.049899	
388	0.334119	-0.0029772	0.0443187	0.00558176	0.0499005	
390	0.328151	-0.00298389	0.0445179	0.00538415	0.0499021	
392	0.32217	-0.00299045	0.044714	0.00518967	0.0499036	
394	0.316176	-0.00299689	0.0449069	0.00499837	0.0499052	
396	0.31017	-0.00300322	0.0450966	0.00481026	0.0499068	
398	0.304151	-0.00300942	0.045283	0.00462539	0.0499084	
400	0.29812	-0.0030155	0.0454663	0.00444377	0.0499101	
402	0.292077	-0.00302147	0.0456463	0.00426545	0.0499117	
404	0.286022	-0.00302731	0.0458229	0.00409044	0.0499134	
406	0.279956	-0.00303303	0.0459963	0.00391878	0.049915	
408	0.273879	-0.00303863	0.0461663	0.00375049	0.0499167	
410	0.267791	-0.0030441	0.0463328	0.0035856	0.0499184	
412	0.261692	-0.00304946	0.046496	0.00342413	0.0499202	
414	0.255582	-0.00305469	0.0466558	0.00326612	0.0499219	
416	0.249463	-0.00305981	0.046812	0.00311159	0.0499236	
418	0.243333	-0.00306479	0.0469648	0.00296055	0.0499254	
420	0.237194	-0.00306966	0.0471141	0.00281305	0.0499271	
422	0.231045	-0.00307441	0.0472598	0.00266909	0.0499289	
424	0.224887	-0.00307903	0.047402	0.00252871	0.0499307	
426	0.21872	-0.00308352	0.0475406	0.00239192	0.0499325	
428	0.212544	-0.0030879	0.0476756	0.00225875	0.0499343	
430	0.20636	-0.00309215	0.0478069	0.00212922	0.0499362	
432	0.200167	-0.00309628	0.0479346	0.00200335	0.049938	
434	0.193967	-0.00310028	0.0480587	0.00188116	0.0499398	
436	0.187759	-0.00310416	0.048179	0.00176266	0.0499417	
438	0.181543	-0.00310791	0.0482956	0.00164789	0.0499435	
440	0.17532	-0.00311154	0.0484086	0.00153685	0.0499454	
442	0.16909	-0.00311505	0.0485177	0.00142956	0.0499473	
444	0.162853	-0.00311843	0.0486231	0.00132605	0.0499492	
446	0.156609	-0.00312169	0.0487247	0.00122632	0.0499511	
448	0.15036	-0.00312482	0.0488226	0.0011304	0.049953	
450	0.144104	-0.00312783	0.0489166	0.0010383	0.0499549	
452	0.137843	-0.00313071	0.0490068	0.000950028	0.0499568	
454	0.131576	-0.00313347	0.0490931	0.000865607	0.0499587	
456	0.125303	-0.0031361	0.0491756	0.000785047	0.0499607	
458	0.119026	-0.00313861	0.0492542	0.000708362	0.0499626	
460	0.112744	-0.00314099	0.049329	0.000635563	0.0499645	
462	0.106458	-0.00314324	0.0493998	0.000566663	0.0499665	
464	0.100167	-0.00314537	0.0494668	0.000501671	0.0499685	
466	0.0938722	-0.00314737	0.0495298	0.0004406	0.0499704	
468	0.0875737	-0.00314925	0.0495889	0.000383458	0.0499724	
470	0.0812717	-0.003151	0.0496441	0.000330255	0.0499744	
472	0.0749665	-0.00315263	0.0496953	0.000280999	0.0499763	
474	0.0686582	-0.00315413	0.0497426	0.000235698	0.0499783	
476	0.0623472	-0.0031555	0.0497859	0.000194359	0.0499803	
478	0.0560337	-0.00315675	0.0498253	0.000156989	0.0499823	
480	0.049718	-0.00315787	0.0498607	0.000123594	0.0499843	
482	0.0434003	-0.00315886	0.0498921	9.41791e-05	0.0499863	
484	0.0370808	-0.00315973	0.0499195	6.87493e-05	0.0499883	
486	0.0307599	-0.00316047	0.0499429	4.73084e-05	0.0499902	
488	0.0244377	-0.00316109	0.0499624	2.986e-05	0.0499922	
490	0.0181145	-0.00316158	0.0499778	1.64068e-05	0.0499942	
492	0.0117906	-0.00316194	0.0499893	6.95097e-06	0.0499962	
494	0.0054663	-0.00316217	0.0499967	1.49402e-06	0.0499982	
496	-0.000858271	-0.00316228	0.0500002	3.68315e-08	0.0500002	
498	-0.00718281	-0.00316227	0.0499997	2.57963e-06	0.0500022	
500	-0.0135071	-0.00316212	0.0499951	9.12202e-06	0.0500042	
502	-0.0198308	-0.00316185	0.0499866	1.96629e-05	0.0500062	
504	-0.0261537	-0.00316146	0.049974	3.42007e-05	0.0500082	
506	-0.0324755	-0.00316093	0.0499575	5.2733e-05	0.0500102	
508	-0.0387961	-0.00316028	0.049937	7.52569e-05	0.0500122	
510	-0.0451151	-0.00315951	0.0499124	0.000101769	0.0500142	
512	-0.0514323	-0.00315861	0.0498839	0.000132264	0.0500162	
514	-0.0577475	-0.00315758	0.0498515	0.000166739	0.0500182	
516	-0.0640603	-0.00315642	0.049815	0.000205186	0.0500202	
518	-0.0703706	-0.00315514	0.0497746	0.000247601	0.0500222	
520	-0.0766781	-0.00315373	0.0497302	0.000293976	0.0500242	
522	-0.0829825	-0.0031522	0.0496818	0.000344305	0.0500261	
524	-0.0892836	-0.00315054	0.0496295	0.000398578	0.0500281	
526	-0.0955811	-0.00314875	0.0495733	0.000456787	0.0500301	
528	-0.101875	-0.00314684	0.0495131	0.000518923	0.050032	
530	-0.108164	-0.00314481	0.049449	0.000584976	0.050034	
532	-0.11445	-0.00314264	0.049381	0.000654936	0.0500359	
534	-0.12073	-0.00314035	0.0493091	0.000728791	0.0500379	
536	-0.127006	-0.00313794	0.0492333	0.000806529	0.0500398	
538	-0.133277	-0.0031354	0.0491536	0.000888138	0.0500418	
540	-0.139542	-0.00313273	0.0490701	0.000973605	0.0500437	
542	-0.145802	-0.00312994	0.0489827	0.00106292	0.0500456	
544	-0.152056	-0.00312703	0.0488915	0.00115606	0.0500475	
546	-0.158304	-0.00312398	0.0487964	0.00125301	0.0500494	
548	-0.164546	-0.00312082	0.0486976	0.00135377	0.0500513	
550	-0.170781	-0.00311753	0.0485949	0.00145831	0.0500532	
552	-0.177009	-0.00311411	0.0484885	0.00156661	0.0500551	
554	-0.18323	-0.00311057	0.0483783	0.00167867	0.050057	
556	-0.189444	-0.00310691	0.0482644	0.00179446	0.0500588	
558	-0.195651	-0.00310312	0.0481467	0.00191396	0.0500607	
560	-0.201849	-0.00309921	0.0480254	0.00203715	0.0500625	
562	-0.208039	-0.00309517	0.0479004	0.00216402	0.0500644	
564	-0.214221	-0.00309101	0.0477717	0.00229454	0.0500662	
566	-0.220395	-0.00308672	0.0476393	0.00242869	0.050068	
568	-0.226559	-0.00308232	0.0475034	0.00256646	0.0500698	
570	-0.232715	-0.00307778	0.0473638	0.00270781	0.0500716	
572	-0.238861	-0.00307313	0.0472207	0.00285273	0.0500734	
574	-0.244998	-0.00306835	0.047074	0.0030012	0.0500752	
576	-0.251125	-0.00306345	0.0469237	0.00315318	0.0500769	
578	-0.257242	-0.00305843	0.04677	0.00330866	0.0500787	
580	-0.263348	-0.00305329	0.0466128	0.00346762	0.0500804	
582	-0.269444	-0.00304802	0.0464521	0.00363001	0.0500821	
584	-0.27553	-0.00304263	0.046288	0.00379583	0.0500838	
586	-0.281604	-0.00303712	0.0461205	0.00396503	0.0500855	
588	-0.287667	-0.00303149	0.0459496	0.00413761	0.0500872	
590	-0.293718	-0.00302573	0.0457753	0.00431352	0.0500889	
592	-0.299758	-0.00301986	0.0455978	0.00449274	0.0500905	
594	-0.305786	-0.00301386	0.0454169	0.00467524	0.0500921	
596	-0.311801	-0.00300775	0.0452328	0.004861	0.0500938	
598	-0.317804	-0.00300151	0.0450454	0.00504998	0.0500954	
600	-0.323795	-0.00299516	0.0448548	0.00524215	0.050097	
602	-0.329772	-0.00298868	0.0446611	0.00543748	0.0500985	
604	-0.335736	-0.00298209	0.0444642	0.00563594	0.0501001	
606	-0.341687	-0.00297537	0.0442642	0.00583749	0.0501016	
608	-0.347624	-0.00296854	0.0440611	0.00604212	0.0501032	
610	-0.353547	-0.00296158	0.0438549	0.00624978	0.0501047	
612	-0.359456	-0.00295451	0.0436458	0.00646043	0.0501062	
614	-0.365351	-0.00294732	0.0434336	0.00667406	0.0501077	
616	-0.371231	-0.00294002	0.0432185	0.00689061	0.0501091	
618	-0.377096	-0.00293259	0.0430005	0.00711007	0.0501106	
620	-0.382946	-0.00292505	0.0427796	0.00733239	0.050112	
622	-0.388781	-0.00291739	0.0425559	0.00755753	0.0501134	
624	-0.3946	-0.00290962	0.0423293	0.00778546	0.0501148	
626	-0.400404	-0.00290172	0.0421	0.00801615	0.0501162	
628	-0.406191	-0.00289372	0.041868	0.00824955	0.0501175	
630	-0.411962	-0.00288559	0.0416332	0.00848564	0.0501189	
632	-0.417717	-0.00287735	0.0413958	0.00872437	0.0501202	
634	-0.423455	-0.002869	0.0411558	0.0089657	0.0501215	
636	-0.429176	-0.00286053	0.0409132	0.0092096	0.0501228	
638	-0.43488	-0.00285195	0.040668	0.00945602	0.050124	
640	-0.440566	-0.00284325	0.0404203	0.00970493	0.0501253	
642	-0.446235	-0.00283444	0.0401702	0.00995629	0.0501265	
644	-0.451886	-0.00282551	0.0399176	0.0102101	0.0501277	
646	-0.457519	-0.00281648	0.0396627	0.0104662	0.0501289	
648	-0.463134	-0.00280732	0.0394054	0.0107246	0.05013	
650	-0.46873	-0.00279806	0.0391458	0.0109854	0.0501311	
652	-0.474307	-0.00278869	0.0388839	0.0112484	0.0501323	
654	-0.479866	-0.0027792	0.0386198	0.0115136	0.0501333	
656	-0.485405	-0.0027696	0.0383535	0.0117809	0.0501344	
658	-0.490925	-0.0027599	0.0380851	0.0120504	0.0501355	
660	-0.496425	-0.00275008	0.0378146	0.0123219	0.0501365	
662	-0.501905	-0.00274015	0.0375421	0.0125954	0.0501375	
664	-0.507365	-0.00273011	0.0372675	0.012871	0.0501385	
666	-0.512805	-0.00271996	0.036991	0.0131485	0.0501395	
668	-0.518225	-0.00270971	0.0367126	0.0134278	0.0501404	
670	-0.523623	-0.00269934	0.0364323	0.0137091	0.0501413	
672	-0.529001	-0.00268887	0.0361501	0.0139921	0.0501422	
674	-0.534358	-0.00267829	0.0358662	0.0142769	0.0501431	
676	-0.539693	-0.0026676	0.0355805	0.0145634	0.050144	
678	-0.545007	-0.00265681	0.0352932	0.0148516	0.0501448	
680	-0.550298	-0.00264591	0.0350042	0.0151414	0.0501456	
682	-0.555568	-0.0026349	0.0347136	0.0154328	0.0501464	
684	-0.560816	-0.00262379	0.0344214	0.0157257	0.0501471	
686	-0.566041	-0.00261258	0.0341278	0.0160201	0.0501479	
688	-0.571244	-0.00260125	0.0338326	0.016316	0.0501486	
690	-0.576423	-0.00258983	0.0335361	0.0166132	0.0501493	
692	-0.58158	-0.0025783	0.0332382	0.0169118	0.0501499	
694	-0.586713	-0.00256667	0.032939	0.0172116	0.0501506	
696	-0.591823	-0.00255494	0.0326385	0.0175127	0.0501512	
698	-0.596909	-0.0025431	0.0323368	0.017815	0.0501518	
700	-0.601971	-0.00253116	0.0320339	0.0181185	0.0501524	
702	-0.60701	-0.00251912	0.0317299	0.018423	0.0501529	
704	-0.612024	-0.00250698	0.0314248	0.0187286	0.0501534	
706	-0.617013	-0.00249474	0.0311187	0.0190353	0.0501539	
708	-0.621978	-0.0024824	0.0308116	0.0193428	0.0501544	
710	-0.626918	-0.00246996	0.0305035	0.0196513	0.0501548	
712	-0.631833	-0.00245742	0.0301946	0.0199606	0.0501553	
714	-0.636722	-0.00244479	0.0298849	0.0202708	0.0501557	
716	-0.641586	-0.00243205	0.0295744	0.0205817	0.050156	
718	-0.646425	-0.00241922	0.0292631	0.0208933	0.0501564	
720	-0.651237	-0.00240629	0.0289512	0.0212055	0.0501567	
722	-0.656024	-0.00239327	0.0286386	0.0215184	0.050157	
724	-0.660784	-0.00238015	0.0283255	0.0218318	0.0501573	
726	-0.665518	-0.00236693	0.0280118	0.0221457	0.0501575	
728	-0.670225	-0.00235362	0.0276976	0.0224601	0.0501577	
730	-0.674906	-0.00234022	0.027383	0.0227749	0.0501579	
732	-0.679559	-0.00232672	0.0270681	0.02309	0.0501581	
734	-0.684186	-0.00231313	0.0267528	0.0234055	0.0501583	
736	-0.688784	-0.00229944	0.0264372	0.0237212	0.0501584	
738	-0.693356	-0.00228567	0.0261214	0.0240371	0.0501585	
740	-0.697899	-0.0022718	0.0258054	0.0243532	0.0501585	
742	-0.702415	-0.00225784	0.0254892	0.0246693	0.0501586	
744	-0.706903	-0.00224379	0.025173	0.0249856	0.0501586	
746	-0.711362	-0.00222966	0.0248568	0.0253018	0.0501586	
748	-0.715793	-0.00221543	0.0245406	0.025618	0.0501586	
750	-0.720195	-0.00220111	0.0242245	0.025934	0.0501585	
752	-0.724568	-0.00218671	0.0239085	0.02625	0.0501584	
754	-0.728913	-0.00217222	0.0235926	0.0265657	0.0501583	
756	-0.733228	-0.00215764	0.023277	0.0268812	0.0501582	
758	-0.737514	-0.00214297	0.0229617	0.0271963	0.050158	
760	-0.74177	-0.00212822	0.0226467	0.0275112	0.0501579	
762	-0.745997	-0.00211339	0.0223321	0.0278256	0.0501576	
764	-0.750194	-0.00209847	0.0220178	0.0281396	0.0501574	
766	-0.754361	-0.00208346	0.0217041	0.028453	0.0501572	
768	-0.758498	-0.00206838	0.0213909	0.0287659	0.0501569	
770	-0.762604	-0.00205321	0.0210783	0.0290783	0.0501566	
772	-0.76668	-0.00203796	0.0207663	0.0293899	0.0501562	
774	-0.770725	-0.00202262	0.020455	0.0297009	0.0501559	
776	-0.77474	-0.00200721	0.0201444	0.0300111	0.0501555	
778	-0.778723	-0.00199171	0.0198346	0.0303205	0.0501551	
780	-0.782676	-0.00197614	0.0195256	0.030629	0.0501547	
782	-0.786596	-0.00196048	0.0192175	0.0309367	0.0501542	
784	-0.790486	-0.00194475	0.0189103	0.0312434	0.0501537	
786	-0.794344	-0.00192894	0.0186041	0.0315491	0.0501532	
788	-0.79817	-0.00191306	0.0182989	0.0318538	0.0501527	
790	-0.801964	-0.00189709	0.0179948	0.0321573	0.0501521	
792	-0.805726	-0.00188105	0.0176918	0.0324597	0.0501516	
794	-0.809456	-0.00186494	0.01739	0.032761	0.050151	
796	-0.813154	-0.00184875	0.0170894	0.0330609	0.0501503	
798	-0.816819	-0.00183249	0.01679	0.0333596	0.0501497	
800	-0.820451	-0.00181615	0.016492	0.033657	0.050149	
802	-0.82405	-0.00179974	0.0161953	0.033953	0.0501483	
804	-0.827617	-0.00178326	0.0159001	0.0342475	0.0501476	
806	-0.83115	-0.00176671	0.0156063	0.0345406	0.0501468	
808	-0.834651	-0.00175008	0.015314	0.0348321	0.0501461	
810	-0.838117	-0.00173339	0.0150232	0.035122	0.0501453	
812	-0.841551	-0.00171663	0.0147341	0.0354104	0.0501445	
814	-0.84495	-0.0016998	0.0144466	0.035697	0.0501436	
816	-0.848316	-0.0016829	0.0141608	0.035982	0.0501428	
818	-0.851648	-0.00166593	0.0138767	0.0362652	0.0501419	
820	-0.854946	-0.0016489	0.0135944	0.0365466	0.050141	
822	-0.858209	-0.0016318	0.0133139	0.0368262	0.05014	
824	-0.861439	-0.00161464	0.0130353	0.0371038	0.0501391	
826	-0.864633	-0.00159741	0.0127586	0.0373795	0.0501381	
828	-0.867794	-0.00158012	0.0124838	0.0376533	0.0501371	
830	-0.870919	-0.00156276	0.0122111	0.037925	0.0501361	
832	-0.87401	-0.00154534	0.0119404	0.0381947	0.0501351	
834	-0.877066	-0.00152786	0.0116718	0.0384622	0.050134	
836	-0.880086	-0.00151032	0.0114053	0.0387276	0.0501329	
838	-0.883072	-0.00149272	0.011141	0.0389908	0.0501318	
840	-0.886022	-0.00147506	0.010879	0.0392517	0.0501307	
842	-0.888936	-0.00145734	0.0106191	0.0395104	0.0501295	
844	-0.891816	-0.00143956	0.0103616	0.0397668	0.0501284	
846	-0.894659	-0.00142172	0.0101065	0.0400207	0.0501272	
848	-0.897467	-0.00140383	0.00985366	0.0402723	0.050126	
850	-0.900238	-0.00138588	0.0096033	0.0405215	0.0501248	
852	-0.902974	-0.00136787	0.00935539	0.0407681	0.0501235	
854	-0.905674	-0.00134981	0.00910999	0.0410123	0.0501222	
856	-0.908337	-0.0013317	0.00886713	0.0412538	0.050121	
858	-0.910964	-0.00131353	0.00862686	0.0414928	0.0501197	
860	-0.913555	-0.00129531	0.0083892	0.0417291	0.0501183	
862	-0.916109	-0.00127704	0.0081542	0.0419628	0.050117	
864	-0.918626	-0.00125872	0.0079219	0.0421937	0.0501156	
866	-0.921107	-0.00124035	0.00769233	0.0424219	0.0501142	
868	-0.923551	-0.00122193	0.00746553	0.0426473	0.0501128	
870	-0.925958	-0.00120346	0.00724153	0.0428699	0.0501114	
872	-0.928328	-0.00118494	0.00702037	0.0430896	0.05011	
874	-0.93066	-0.00116637	0.0068021	0.0433064	0.0501085	
876	-0.932956	-0.00114776	0.00658673	0.0435203	0.0501071	
878	-0.935214	-0.0011291	0.00637431	0.0437313	0.0501056	
880	-0.937435	-0.00111039	0.00616487	0.0439392	0.0501041	
882	-0.939618	-0.00109164	0.00595844	0.0441441	0.0501026	
884	-0.941764	-0.00107285	0.00575506	0.044346	0.050101	
886	-0.943872	-0.00105402	0.00555476	0.0445447	0.0500995	
888	-0.945942	-0.00103514	0.00535757	0.0447403	0.0500979	
890	-0.947975	-0.00101622	0.00516352	0.0449328	0.0500963	
892	-0.949969	-0.000997261	0.00497265	0.0451221	0.0500947	
894	-0.951926	-0.000978262	0.00478498	0.0453081	0.0500931	
896	-0.953844	-0.000959223	0.00460055	0.045491	0.0500915	
898	-0.955725	-0.000940147	0.00441938	0.0456705	0.0500899	
900	-0.957567	-0.000921032	0.0042415	0.0458467	0.0500882	
902	-0.95937	-0.000901881	0.00406694	0.0460196	0.0500865	
904	-0.961136	-0.000882693	0.00389574	0.0461891	0.0500848	
906	-0.962863	-0.000863471	0.00372791	0.0463552	0.0500831	
908	-0.964551	-0.000844213	0.00356348	0.0465179	0.0500814	
910	-0.966201	-0.000824922	0.00340248	0.0466772	0.0500797	
912	-0.967812	-0.000805598	0.00324494	0.046833	0.050078	
914	-0.969385	-0.000786242	0.00309088	0.0469853	0.0500762	
916	-0.970918	-0.000766854	0.00294033	0.0471341	0.0500745	
918	-0.972413	-0.000747436	0.0027933	0.0472794	0.0500727	
920	-0.973869	-0.000727988	0.00264983	0.0474211	0.0500709	
922	-0.975286	-0.00070851	0.00250993	0.0475592	0.0500691	
924	-0.976664	-0.000689005	0.00237364	0.0476937	0.0500673	
926	-0.978003	-0.000669471	0.00224096	0.0478245	0.0500655	
928	-0.979303	-0.000649911	0.00211192	0.0479517	0.0500636	
930	-0.980564	-0.000630325	0.00198655	0.0480753	0.0500618	
932	-0.981785	-0.000610714	0.00186486	0.0481951	0.05006	
934	-0.982967	-0.000591078	0.00174687	0.0483112	0.0500581	
936	-0.98411	-0.000571419	0.0016326	0.0484236	0.0500562	
938	-0.985214	-0.000551737	0.00152207	0.0485323	0.0500544	
940	-0.986278	-0.000532032	0.00141529	0.0486372	0.0500525	
942	-0.987302	-0.000512307	0.00131229	0.0487383	0.0500506	
944	-0.988287	-0.000492561	0.00121308	0.0488356	0.0500487	
946	-0.989233	-0.000472795	0.00111768	0.0489291	0.0500468	
948	-0.990139	-0.00045301	0.00102609	0.0490188	0.0500449	
950	-0.991005	-0.000433208	0.000938344	0.0491046	0.0500429	
952	-0.991832	-0.000413388	0.000854446	0.0491866	0.050041	
954	-0.992619	-0.000393551	0.000774412	0.0492646	0.0500391	
956	-0.993367	-0.000373699	0.000698253	0.0493389	0.0500371	
958	-0.994074	-0.000353831	0.000625983	0.0494092	0.0500352	
960	-0.994742	-0.00033395	0.000557612	0.0494756	0.0500332	
962	-0.99537	-0.000314055	0.000493152	0.0495381	0.0500313	
964	-0.995959	-0.000294147	0.000432614	0.0495967	0.0500293	
966	-0.996507	-0.000274228	0.000376006	0.0496513	0.0500273	
968	-0.997016	-0.000254298	0.000323338	0.049702	0.0500253	
970	-0.997484	-0.000234358	0.000274618	0.0497488	0.0500234	
972	-0.997913	-0.000214408	0.000229854	0.0497915	0.0500214	
974	-0.998302	-0.00019445	0.000189054	0.0498304	0.0500194	
976	-0.998651	-0.000174484	0.000152223	0.0498652	0.0500174	
978	-0.99896	-0.000154511	0.000119368	0.0498961	0.0500154	
980	-0.999229	-0.000134532	9.04938e-05	0.049923	0.0500134	
982	-0.999458	-0.000114547	6.56051e-05	0.0499458	0.0500115	
984	-0.999647	-9.45579e-05	4.47059e-05	0.0499648	0.0500095	
986	-0.999797	-7.45649e-05	2.77996e-05	0.0499797	0.0500075	
988	-0.999906	-5.4569e-05	1.48889e-05	0.0499906	0.0500055	
990	-0.999975	-3.45709e-05	5.97572e-06	0.0499975	0.0500035	
992	-1	-1.45714e-05	1.06162e-06	0.0500004	0.0500015	
994	-0.999993	5.42872e-06	1.47355e-07	0.0499993	0.0499995	
996	-0.999942	2.54286e-05	3.23306e-06	0.0499942	0.0499975	
998	-0.999851	4.54274e-05	1.03183e-05	0.0499851	0.0499955	
1000	-0.999721	6.54245e-05	2.14018e-05	0.0499721	0.0499935	
1002	-0.99955	8.54189e-05	3.64819e-05	0.049955	0.0499915	
1004	-0.999339	0.00010541	5.55562e-05	0.0499339	0.0499895	
1006	-0.999088	0.000125397	7.86216e-05	0.0499089	0.0499875	
1008	-0.998797	0.000145378	0.000105674	0.0498798	0.0499855	
1010	-0.998467	0.000165354	0.00013671	0.0498468	0.0499835	
1012	-0.998096	0.000185324	0.000171724	0.0498098	0.0499815	
1014	-0.997685	0.000205286	0.000210711	0.0497688	0.0499795	
1016	-0.997235	0.000225239	0.000253664	0.0497239	0.0499775	
1018	-0.996745	0.000245184	0.000300576	0.049675	0.0499756	
1020	-0.996214	0.000265119	0.00035144	0.0496222	0.0499736	
1022	-0.995644	0.000285043	0.000406248	0.0495654	0.0499716	
1024	-0.995034	0.000304956	0.000464991	0.0495047	0.0499697	
1026	-0.994385	0.000324857	0.00052766	0.04944	0.0499677	
1028	-0.993695	0.000344744	0.000594244	0.0493715	0.0499658	
1030	-0.992966	0.000364618	0.000664733	0.0492991	0.0499638	
1032	-0.992197	0.000384478	0.000739115	0.0492227	0.0499619	
1034	-0.991388	0.000404322	0.00081738	0.0491425	0.0499599	
1036	-0.99054	0.000424149	0.000899514	0.0490585	0.049958	
1038	-0.989652	0.00044396	0.000985503	0.0489706	0.0499561	
1040	-0.988725	0.000463753	0.00107534	0.0488788	0.0499541	
1042	-0.987758	0.000483528	0.001169	0.0487833	0.0499522	
1044	-0.986751	0.000503283	0.00126647	0.0486839	0.0499503	
1046	-0.985705	0.000523018	0.00136774	0.0485807	0.0499485	
1048	-0.984619	0.000542732	0.00147279	0.0484738	0.0499466	
1050	-0.983495	0.000562424	0.00158161	0.0483631	0.0499447	
1052	-0.98233	0.000582094	0.00169417	0.0482487	0.0499428	
1054	-0.981127	0.000601741	0.00181046	0.0481305	0.049941	
1056	-0.979884	0.000621363	0.00193046	0.0480087	0.0499391	
1058	-0.978602	0.000640961	0.00205416	0.0478831	0.0499373	
1060	-0.977281	0.000660533	0.00218152	0.0477539	0.0499355	
1062	-0.975921	0.000680079	0.00231254	0.0476211	0.0499336	
1064	-0.974522	0.000699597	0.00244718	0.0474846	0.0499318	
1066	-0.973084	0.000719088	0.00258544	0.0473446	0.04993	
1068	-0.971607	0.000738549	0.00272728	0.047201	0.0499282	
1070	-0.970091	0.000757981	0.00287268	0.0470538	0.0499265	
1072	-0.968536	0.000777383	0.00302162	0.0469031	0.0499247	
1074	-0.966942	0.000796754	0.00317408	0.0467489	0.049923	
1076	-0.96531	0.000816093	0.00333004	0.0465912	0.0499212	
1078	-0.963639	0.000835399	0.00348946	0.04643	0.0499195	
1080	-0.96193	0.000854672	0.00365232	0.0462655	0.0499178	
1082	-0.960182	0.00087391	0.0038186	0.0460975	0.0499161	
1084	-0.958396	0.000893114	0.00398826	0.0459261	0.0499144	
1086	-0.956571	0.000912282	0.00416129	0.0457514	0.0499127	
1088	-0.954708	0.000931413	0.00433765	0.0455734	0.0499111	
1090	-0.952807	0.000950508	0.00451732	0.0453921	0.0499094	
1092	-0.950868	0.000969564	0.00470027	0.0452075	0.0499078	
1094	-0.948891	0.000988581	0.00488646	0.0450197	0.0499062	
1096	-0.946876	0.00100756	0.00507587	0.0448287	0.0499046	
1098	-0.944823	0.0010265	0.00526847	0.0446345	0.049903	
1100	-0.942732	0.00104539	0.00546423	0.0444372	0.0499014	
1102	-0.940604	0.00106425	0.00566311	0.0442368	0.0498999	
1104	-0.938438	0.00108306	0.00586509	0.0440333	0.0498983	
1106	-0.936234	0.00110183	0.00607013	0.0438267	0.0498968	
1108	-0.933993	0.00112055	0.00627819	0.0436171	0.0498953	
1110	-0.931714	0.00113923	0.00648926	0.0434046	0.0498938	
1112	-0.929399	0.00115787	0.00670328	0.0431891	0.0498924	
1114	-0.927046	0.00117645	0.00692023	0.0429707	0.0498909	
1116	-0.924656	0.001195	0.00714008	0.0427494	0.0498895	
1118	-0.922229	0.00121349	0.00736278	0.0425253	0.0498881	
1120	-0.919765	0.00123193	0.0075883	0.0422984	0.0498867	
1122	-0.917264	0.00125033	0.00781661	0.0420687	0.0498853	
1124	-0.914727	0.00126867	0.00804767	0.0418363	0.0498839	
1126	-0.912153	0.00128697	0.00828144	0.0416012	0.0498826	
1128	-0.909543	0.00130521	0.00851789	0.0413634	0.0498813	
1130	-0.906896	0.0013234	0.00875697	0.041123	0.04988	
1132	-0.904213	0.00134154	0.00899866	0.04088	0.0498787	
1134	-0.901493	0.00135962	0.0092429	0.0406345	0.0498774	
1136	-0.898738	0.00137765	0.00948966	0.0403865	0.0498762	
1138	-0.895947	0.00139563	0.00973891	0.040136	0.0498749	
1140	-0.89312	0.00141355	0.0099906	0.0398831	0.0498737	
1142	-0.890257	0.00143141	0.0102447	0.0396279	0.0498725	
1144	-0.887358	0.00144922	0.0105011	0.0393702	0.0498714	
1146	-0.884425	0.00146696	0.0107599	0.0391103	0.0498702	
1148	-0.881455	0.00148465	0.011021	0.0388482	0.0498691	
1150	-0.878451	0.00150228	0.0112842	0.0385838	0.049868	
1152	-0.875411	0.00151985	0.0115497	0.0383172	0.0498669	
1154	-0.872336	0.00153736	0.0118173	0.0380485	0.0498659	
1156	-0.869227	0.0015548	0.0120871	0.0377777	0.0498648	
1158	-0.866082	0.00157219	0.0123589	0.0375049	0.0498638	
1160	-0.862903	0.00158951	0.0126327	0.0372301	0.0498628	
1162	-0.85969	0.00160677	0.0129085	0.0369533	0.0498618	
1164	-0.856442	0.00162396	0.0131863	0.0366746	0.0498609	
1166	-0.85316	0.00164109	0.0134659	0.0363941	0.04986	
1168	-0.849843	0.00165815	0.0137474	0.0361117	0.0498591	
1170	-0.846493	0.00167515	0.0140307	0.0358275	0.0498582	
1172	-0.843109	0.00169208	0.0143157	0.0355416	0.0498573	
1174	-0.839691	0.00170894	0.0146024	0.035254	0.0498565	
1176	-0.836239	0.00172574	0.0148909	0.0349648	0.0498557	
1178	-0.832754	0.00174246	0.0151809	0.034674	0.0498549	
1180	-0.829236	0.00175912	0.0154725	0.0343816	0.0498541	
1182	-0.825685	0.0017757	0.0157656	0.0340878	0.0498534	
1184	-0.8221	0.00179222	0.0160602	0.0337925	0.0498526	
1186	-0.818483	0.00180866	0.0163562	0.0334957	0.049852	
1188	-0.814833	0.00182503	0.0166536	0.0331976	0.0498513	
1190	-0.81115	0.00184132	0.0169524	0.0328982	0.0498506	
1192	-0.807435	0.00185755	0.0172524	0.0325976	0.04985	
1194	-0.803688	0.0018737	0.0175537	0.0322957	0.0498494	
1196	-0.799908	0.00188977	0.0178561	0.0319927	0.0498488	
1198	-0.796097	0.00190577	0.0181598	0.0316885	0.0498483	
1200	-0.792253	0.00192169	0.0184645	0.0313833	0.0498477	
1202	-0.788378	0.00193753	0.0187702	0.031077	0.0498472	
1204	-0.784472	0.0019533	0.019077	0.0307698	0.0498467	
1206	-0.780534	0.00196899	0.0193846	0.0304617	0.0498463	
1208	-0.776565	0.0019846	0.0196932	0.0301526	0.0498459	
1210	-0.772564	0.00200013	0.0200027	0.0298428	0.0498455	
1212	-0.768533	0.00201559	0.0203129	0.0295322	0.0498451	
1214	-0.764471	0.00203096	0.0206239	0.0292208	0.0498447	
1216	-0.760379	0.00204625	0.0209356	0.0289088	0.0498444	
1218	-0.756256	0.00206145	0.0212479	0.0285961	0.0498441	
1220	-0.752103	0.00207658	0.0215609	0.0282829	0.0498438	
1222	-0.747919	0.00209162	0.0218744	0.0279692	0.0498435	
1224	-0.743706	0.00210658	0.0221884	0.027655	0.0498433	
1226	-0.739463	0.00212145	0.0225028	0.0273403	0.0498431	
1228	-0.735191	0.00213624	0.0228176	0.0270253	0.0498429	
1230	-0.730889	0.00215095	0.0231328	0.0267099	0.0498428	
1232	-0.726558	0.00216556	0.0234483	0.0263943	0.0498426	
1234	-0.722198	0.00218009	0.0237641	0.0260785	0.0498425	
1236	-0.717809	0.00219454	0.02408	0.0257625	0.0498425	
1238	-0.713391	0.00220889	0.0243961	0.0254463	0.0498424	
1240	-0.708945	0.00222316	0.0247123	0.0251301	0.0498424	
1242	-0.70447	0.00223734	0.0250285	0.0248139	0.0498424	
1244	-0.699967	0.00225143	0.0253447	0.0244977	0.0498424	
1246	-0.695436	0.00226543	0.0256609	0.0241816	0.0498424	
1248	-0.690877	0.00227934	0.0259769	0.0238656	0.0498425	
1250	-0.686291	0.00229316	0.0262928	0.0235498	0.0498426	
1252	-0.681677	0.00230688	0.0266085	0.0232342	0.0498427	
1254	-0.677036	0.00232052	0.026924	0.0229189	0.0498429	
1256	-0.672368	0.00233406	0.0272391	0.022604	0.0498431	
1258	-0.667673	0.0023475	0.0275539	0.0222894	0.0498433	
1260	-0.662952	0.00236086	0.0278682	0.0219752	0.0498435	
1262	-0.658203	0.00237412	0.0281821	0.0216616	0.0498437	
1264	-0.653429	0.00238728	0.0284955	0.0213485	0.049844	
1266	-0.648628	0.00240035	0.0288084	0.0210359	0.0498443	
1268	-0.643801	0.00241332	0.0291206	0.020724	0.0498446	
1270	-0.638949	0.0024262	0.0294322	0.0204128	0.049845	
1272	-0.634071	0.00243898	0.029743	0.0201023	0.0498453	
1274	-0.629168	0.00245166	0.0300531	0.0197926	0.0498457	
1276	-0.624239	0.00246424	0.0303624	0.0194837	0.0498462	
1278	-0.619286	0.00247673	0.0306709	0.0191757	0.0498466	
1280	-0.614308	0.00248911	0.0309784	0.0188687	0.0498471	
1282	-0.609305	0.0025014	0.031285	0.0185626	0.0498476	
1284	-0.604278	0.00251358	0.0315905	0.0182576	0.0498481	
1286	-0.599226	0.00252567	0.031895	0.0179536	0.0498486	
1288	-0.594151	0.00253765	0.0321984	0.0176508	0.0498492	
1290	-0.589052	0.00254954	0.0325007	0.0173491	0.0498498	
1292	-0.583929	0.00256132	0.0328018	0.0170487	0.0498504	
1294	-0.578783	0.002573	0.0331016	0.0167495	0.0498511	
1296	-0.573614	0.00258457	0.0334001	0.0164517	0.0498517	
1298	-0.568422	0.00259604	0.0336972	0.0161552	0.0498524	
1300	-0.563207	0.00260741	0.033993	0.0158601	0.0498531	
1302	-0.55797	0.00261868	0.0342874	0.0155665	0.0498539	
1304	-0.55271	0.00262984	0.0345802	0.0152744	0.0498546	
1306	-0.547428	0.00264089	0.0348715	0.0149839	0.0498554	
1308	-0.542125	0.00265184	0.0351613	0.014695	0.0498562	
1310	-0.536799	0.00266268	0.0354494	0.0144077	0.049857	
1312	-0.531452	0.00267342	0.0357358	0.0141221	0.0498579	
1314	-0.526084	0.00268405	0.0360205	0.0138382	0.0498588	
1316	-0.520695	0.00269457	0.0363035	0.0135562	0.0498597	
1318	-0.515285	0.00270498	0.0365846	0.0132759	0.0498606	
1320	-0.509855	0.00271529	0.0368639	0.0129976	0.0498615	
1322	-0.504404	0.00272549	0.0371413	0.0127212	0.0498625	
1324	-0.498933	0.00273557	0.0374168	0.0124467	0.0498635	
1326	-0.493441	0.00274555	0.0376903	0.0121742	0.0498645	
1328	-0.487931	0.00275542	0.0379617	0.0119038	0.0498655	
1330	-0.4824	0.00276518	0.0382311	0.0116355	0.0498666	
1332	-0.476851	0.00277483	0.0384983	0.0113693	0.0498677	
1334	-0.471282	0.00278436	0.0387634	0.0111053	0.0498687	
1336	-0.465694	0.00279379	0.0390263	0.0108436	0.0498699	
1338	-0.460088	0.0028031	0.039287	0.0105841	0.049871	
1340	-0.454463	0.00281231	0.0395453	0.0103269	0.0498722	
1342	-0.448821	0.00282139	0.0398013	0.010072	0.0498733	
1344	-0.44316	0.00283037	0.040055	0.00981954	0.0498745	
1346	-0.437481	0.00283923	0.0403063	0.0095695	0.0498758	
1348	-0.431785	0.00284798	0.0405551	0.00932194	0.049877	
1350	-0.426072	0.00285662	0.0408014	0.00907688	0.0498783	
1352	-0.420342	0.00286514	0.0410452	0.00883437	0.0498795	
1354	-0.414595	0.00287355	0.0412864	0.00859445	0.0498808	
1356	-0.408831	0.00288184	0.041525	0.00835715	0.0498821	
1358	-0.403051	0.00289002	0.041761	0.00812251	0.0498835	
1360	-0.397255	0.00289808	0.0419943	0.00789058	0.0498848	
1362	-0.391443	0.00290602	0.0422248	0.00766138	0.0498862	
1364	-0.385615	0.00291385	0.0424526	0.00743496	0.0498876	
1366	-0.379772	0.00292156	0.0426777	0.00721134	0.049889	
1368	-0.373914	0.00292916	0.0428999	0.00699058	0.0498904	
1370	-0.368041	0.00293664	0.0431192	0.00677269	0.0498919	
1372	-0.362153	0.002944	0.0433356	0.00655772	0.0498933	
1374	-0.35625	0.00295124	0.0435491	0.00634571	0.0498948	
1376	-0.350333	0.00295837	0.0437596	0.00613667	0.0498963	
1378	-0.344403	0.00296537	0.0439672	0.00593066	0.0498978	
1380	-0.338458	0.00297226	0.0441717	0.00572769	0.0498994	
1382	-0.3325	0.00297903	0.0443731	0.00552781	0.0499009	
1384	-0.326529	0.00298568	0.0445714	0.00533105	0.0499025	
1386	-0.320544	0.00299221	0.0447666	0.00513743	0.049904	
1388	-0.314547	0.00299862	0.0449587	0.00494699	0.0499056	
1390	-0.308537	0.00300491	0.0451475	0.00475976	0.0499072	
1392	-0.302515	0.00301108	0.0453331	0.00457577	0.0499089	
1394	-0.296481	0.00301713	0.0455155	0.00439504	0.0499105	
1396	-0.290435	0.00302306	0.0456946	0.00421761	0.0499122	
1398	-0.284377	0.00302887	0.0458703	0.00404351	0.0499138	
1400	-0.278308	0.00303456	0.0460428	0.00387276	0.0499155	
1402	-0.272228	0.00304013	0.0462118	0.00370539	0.0499172	
1404	-0.266136	0.00304557	0.0463775	0.00354143	0.0499189	
1406	-0.260035	0.00305089	0.0465397	0.0033809	0.0499206	
1408	-0.253922	0.00305609	0.0466985	0.00322383	0.0499224	
1410	-0.2478	0.00306117	0.0468539	0.00307024	0.0499241	
1412	-0.241668	0.00306613	0.0470057	0.00292017	0.0499259	
1414	-0.235526	0.00307096	0.047154	0.00277362	0.0499276	
1416	-0.229375	0.00307567	0.0472988	0.00263063	0.0499294	
1418	-0.223214	0.00308026	0.04744	0.00249122	0.0499312	
1420	-0.217045	0.00308472	0.0475776	0.00235542	0.049933	
1422	-0.210866	0.00308906	0.0477116	0.00222323	0.0499348	
1424	-0.20468	0.00309328	0.047842	0.00209469	0.0499367	
1426	-0.198485	0.00309738	0.0479687	0.00196982	0.0499385	
1428	-0.192282	0.00310135	0.0480917	0.00184863	0.0499403	
1430	-0.186072	0.00310519	0.048211	0.00173114	0.0499422	
1432	-0.179854	0.00310891	0.0483267	0.00161738	0.0499441	
1434	-0.173629	0.00311251	0.0484386	0.00150736	0.0499459	
1436	-0.167397	0.00311598	0.0485467	0.00140109	0.0499478	
1438	-0.161159	0.00311933	0.0486511	0.0012986	0.0499497	
1440	-0.154913	0.00312255	0.0487517	0.00119991	0.0499516	
1442	-0.148662	0.00312565	0.0488485	0.00110502	0.0499535	
1444	-0.142405	0.00312862	0.0489414	0.00101396	0.0499554	
1446	-0.136142	0.00313147	0.0490306	0.000926732	0.0499573	
1448	-0.129874	0.0031342	0.0491159	0.000843357	0.0499593	
1450	-0.1236	0.00313679	0.0491973	0.000763848	0.0499612	
1452	-0.117321	0.00313926	0.0492749	0.000688216	0.0499631	
1454	-0.111038	0.00314161	0.0493486	0.000616475	0.0499651	
1456	-0.104751	0.00314383	0.0494184	0.000548634	0.049967	
1458	-0.0984587	0.00314593	0.0494843	0.000484706	0.049969	
1460	-0.0921629	0.0031479	0.0495462	0.0004247	0.049971	
1462	-0.0858635	0.00314974	0.0496043	0.000368627	0.0499729	
1464	-0.0795605	0.00315146	0.0496584	0.000316494	0.0499749	
1466	-0.0732545	0.00315305	0.0497086	0.000268311	0.0499769	
1468	-0.0669454	0.00315451	0.0497548	0.000224085	0.0499789	
1470	-0.0606337	0.00315585	0.049797	0.000183822	0.0499808	
1472	-0.0543196	0.00315706	0.0498353	0.000147531	0.0499828	
1474	-0.0480033	0.00315815	0.0498696	0.000115216	0.0499848	
1476	-0.0416851	0.00315911	0.0498999	8.68823e-05	0.0499868	
1478	-0.0353652	0.00315994	0.0499263	6.25348e-05	0.0499888	
1480	-0.0290439	0.00316065	0.0499486	4.21773e-05	0.0499908	
1482	-0.0227214	0.00316123	0.049967	2.58131e-05	0.0499928	
1484	-0.016398	0.00316169	0.0499813	1.34448e-05	0.0499948	
1486	-0.010074	0.00316202	0.0499917	5.07428e-06	0.0499968	
1488	-0.00374957	0.00316222	0.0499981	7.02964e-07	0.0499988	
1490	0.00257501	0.00316229	0.0500005	3.31535e-07	0.0500008	
1492	0.0088995	0.00316224	0.0499988	3.96005e-06	0.0500028	
1494	0.0152236	0.00316206	0.0499932	1.15879e-05	0.0500048	
1496	0.0215471	0.00316176	0.0499836	2.3214e-05	0.0500068	
1498	0.0278698	0.00316133	0.0499699	3.88363e-05	0.0500088	
1500	0.0341913	0.00316077	0.0499523	5.84524e-05	0.0500108	
1502	0.0405115	0.00316009	0.0499307	8.20591e-05	0.0500128	
1504	0.0468301	0.00315928	0.0499051	0.000109653	0.0500148	
1506	0.0531467	0.00315834	0.0498755	0.000141229	0.0500168	
1508	0.0594613	0.00315728	0.049842	0.000176782	0.0500188	
1510	0.0657735	0.00315609	0.0498044	0.000216307	0.0500207	
1512	0.072083	0.00315477	0.0497629	0.000259798	0.0500227	
1514	0.0783897	0.00315333	0.0497174	0.000307247	0.0500247	
1516	0.0846932	0.00315176	0.049668	0.000358647	0.0500267	
1518	0.0909933	0.00315007	0.0496146	0.000413989	0.0500286	
1520	0.0972898	0.00314825	0.0495573	0.000473265	0.0500306	
1522	0.103582	0.0031463	0.0494961	0.000536466	0.0500326	
1524	0.109871	0.00314423	0.0494309	0.000603581	0.0500345	
1526	0.116155	0.00314203	0.0493619	0.000674599	0.0500365	
1528	0.122434	0.00313971	0.0492889	0.000749509	0.0500384	
1530	0.128709	0.00313726	0.049212	0.000828299	0.0500403	
1532	0.134978	0.00313469	0.0491313	0.000910957	0.0500423	
1534	0.141242	0.00313199	0.0490467	0.000997468	0.0500442	
1536	0.147501	0.00312916	0.0489583	0.00108782	0.0500461	
1538	0.153753	0.00312621	0.048866	0.001182	0.050048	
1540	0.159999	0.00312314	0.0487699	0.00127999	0.0500499	
1542	0.166239	0.00311994	0.0486701	0.00138177	0.0500518	
1544	0.172472	0.00311661	0.0485664	0.00148734	0.0500537	
1546	0.178699	0.00311316	0.0484589	0.00159666	0.0500556	
1548	0.184918	0.00310959	0.0483477	0.00170973	0.0500575	
1550	0.19113	0.00310589	0.0482328	0.00182653	0.0500593	
1552	0.197334	0.00310207	0.0481141	0.00194703	0.0500612	
1554	0.20353	0.00309812	0.0479918	0.00207122	0.050063	
1556	0.209718	0.00309405	0.0478658	0.00219909	0.0500649	
1558	0.215898	0.00308986	0.0477361	0.00233059	0.0500667	
1560	0.222069	0.00308554	0.0476028	0.00246573	0.0500685	
1562	0.228231	0.0030811	0.0474658	0.00260447	0.0500703	
1564	0.234384	0.00307653	0.0473253	0.0027468	0.0500721	
1566	0.240528	0.00307185	0.0471812	0.00289268	0.0500739	
1568	0.246662	0.00306703	0.0470335	0.00304211	0.0500756	
1570	0.252786	0.0030621	0.0468823	0.00319504	0.0500774	
1572	0.2589	0.00305705	0.0467276	0.00335147	0.0500791	
1574	0.265004	0.00305187	0.0465695	0.00351136	0.0500808	
1576	0.271097	0.00304657	0.0464079	0.00367468	0.0500826	
1578	0.277179	0.00304115	0.0462428	0.00384142	0.0500843	
1580	0.283251	0.0030356	0.0460744	0.00401155	0.0500859	
1582	0.289311	0.00302994	0.0459026	0.00418503	0.0500876	
1584	0.295359	0.00302415	0.0457274	0.00436184	0.0500893	
1586	0.301395	0.00301824	0.045549	0.00454196	0.0500909	
1588	0.30742	0.00301222	0.0453672	0.00472534	0.0500926	
1590	0.313432	0.00300607	0.0451822	0.00491198	0.0500942	
1592	0.319431	0.0029998	0.044994	0.00510182	0.0500958	
1594	0.325418	0.00299341	0.0448025	0.00529485	0.0500974	
1596	0.331392	0.0029869	0.0446079	0.00549104	0.0500989	
1598	0.337353	0.00298027	0.0444102	0.00569034	0.0501005	
1600	0.3433	0.00297353	0.0442093	0.00589273	0.050102	
1602	0.349233	0.00296666	0.0440054	0.00609818	0.0501036	
1604	0.355152	0.00295968	0.0437984	0.00630666	0.0501051	
1606	0.361058	0.00295257	0.0435884	0.00651813	0.0501066	
1608	0.366948	0.00294535	0.0433755	0.00673255	0.050108	
1610	0.372824	0.00293801	0.0431596	0.0069499	0.0501095	
1612	0.378685	0.00293056	0.0429408	0.00717013	0.0501109	
1614	0.384531	0.00292298	0.0427191	0.00739322	0.0501124	
1616	0.390362	0.00291529	0.0424946	0.00761912	0.0501138	
1618	0.396177	0.00290749	0.0422673	0.00784781	0.0501151	
1620	0.401976	0.00289956	0.0420373	0.00807923	0.0501165	
1622	0.407759	0.00289152	0.0418045	0.00831337	0.0501179	
1624	0.413526	0.00288337	0.041569	0.00855018	0.0501192	
1626	0.419276	0.0028751	0.0413309	0.00878962	0.0501205	
1628	0.425009	0.00286671	0.0410902	0.00903165	0.0501218	
1630	0.430726	0.00285821	0.0408468	0.00927624	0.0501231	
1632	0.436425	0.0028496	0.040601	0.00952334	0.0501243	
1634	0.442107	0.00284087	0.0403526	0.00977292	0.0501256	
1636	0.447771	0.00283203	0.0401018	0.0100249	0.0501268	
1638	0.453417	0.00282307	0.0398486	0.0102793	0.050128	
1640	0.459045	0.002814	0.039593	0.0105361	0.0501291	
1642	0.464655	0.00280482	0.0393351	0.0107952	0.0501303	
1644	0.470246	0.00279553	0.0390749	0.0110565	0.0501314	
1646	0.475818	0.00278612	0.0388124	0.0113201	0.0501325	
1648	0.481371	0.00277661	0.0385477	0.0115859	0.0501336	
1650	0.486905	0.00276698	0.0382809	0.0118538	0.0501347	
1652	0.492419	0.00275724	0.0380119	0.0121238	0.0501357	
1654	0.497914	0.00274739	0.0377408	0.0123959	0.0501368	
1656	0.503389	0.00273743	0.0374677	0.01267	0.0501378	
1658	0.508844	0.00272737	0.0371926	0.0129461	0.0501387	
1660	0.514278	0.00271719	0.0369156	0.0132241	0.0501397	
1662	0.519692	0.0027069	0.0366366	0.013504	0.0501406	
1664	0.525085	0.00269651	0.0363558	0.0137857	0.0501416	
1666	0.530457	0.00268601	0.0360732	0.0140692	0.0501424	
1668	0.535808	0.0026754	0.0357888	0.0143545	0.0501433	
1670	0.541137	0.00266468	0.0355027	0.0146415	0.0501442	
1672	0.546445	0.00265386	0.0352149	0.0149301	0.050145	
1674	0.551731	0.00264293	0.0349254	0.0152203	0.0501458	
1676	0.556995	0.0026319	0.0346344	0.0155122	0.0501466	
1678	0.562236	0.00262076	0.0343418	0.0158055	0.0501473	
1680	0.567455	0.00260951	0.0340478	0.0161003	0.050148	
1682	0.572652	0.00259816	0.0337523	0.0163965	0.0501487	
1684	0.577825	0.00258671	0.0334553	0.0166941	0.0501494	
1686	0.582975	0.00257515	0.0331571	0.016993	0.0501501	
1688	0.588102	0.00256349	0.0328575	0.0172932	0.0501507	
1690	0.593206	0.00255173	0.0325567	0.0175947	0.0501513	
1692	0.598285	0.00253987	0.0322546	0.0178973	0.0501519	
1694	0.603341	0.0025279	0.0319515	0.018201	0.0501525	
1696	0.608373	0.00251584	0.0316471	0.0185059	0.050153	
1698	0.61338	0.00250367	0.0313418	0.0188118	0.0501535	
1700	0.618363	0.0024914	0.0310354	0.0191186	0.050154	
1702	0.623321	0.00247903	0.030728	0.0194265	0.0501545	
1704	0.628254	0.00246657	0.0304198	0.0197352	0.0501549	
1706	0.633162	0.002454	0.0301106	0.0200447	0.0501553	
1708	0.638045	0.00244134	0.0298007	0.0203551	0.0501557	
1710	0.642902	0.00242858	0.0294899	0.0206662	0.0501561	
1712	0.647734	0.00241572	0.0291785	0.0209779	0.0501564	
1714	0.652539	0.00240276	0.0288664	0.0212904	0.0501567	
1716	0.657319	0.00238971	0.0285537	0.0216034	0.050157	
1718	0.662072	0.00237657	0.0282404	0.0219169	0.0501573	
1720	0.666798	0.00236333	0.0279265	0.022231	0.0501575	
1722	0.671498	0.00234999	0.0276123	0.0225455	0.0501578	
1724	0.676171	0.00233656	0.0272976	0.0228604	0.0501579	
1726	0.680817	0.00232304	0.0269825	0.0231756	0.0501581	
1728	0.685436	0.00230942	0.0266671	0.0234911	0.0501582	
1730	0.690028	0.00229571	0.0263514	0.0238069	0.0501584	
1732	0.694592	0.00228191	0.0260356	0.0241229	0.0501584	
1734	0.699128	0.00226802	0.0257195	0.024439	0.0501585	
1736	0.703636	0.00225404	0.0254034	0.0247552	0.0501585	
1738	0.708116	0.00223996	0.0250872	0.0250714	0.0501586	
1740	0.712567	0.0022258	0.0247709	0.0253876	0.0501585	
1742	0.71699	0.00221155	0.0244548	0.0257038	0.0501585	
1744	0.721385	0.00219721	0.0241387	0.0260198	0.0501584	
1746	0.72575	0.00218278	0.0238227	0.0263357	0.0501584	
1748	0.730087	0.00216827	0.0235069	0.0266513	0.0501582	
1750	0.734394	0.00215367	0.0231914	0.0269667	0.0501581	
1752	0.738672	0.00213898	0.0228761	0.0272818	0.0501579	
1754	0.74292	0.0021242	0.0225612	0.0275965	0.0501578	
1756	0.747139	0.00210935	0.0222467	0.0279108	0.0501575	
1758	0.751328	0.0020944	0.0219326	0.0282247	0.0501573	
1760	0.755487	0.00207938	0.021619	0.028538	0.050157	
1762	0.759615	0.00206427	0.021306	0.0288508	0.0501567	
1764	0.763713	0.00204907	0.0209935	0.0291629	0.0501564	
1766	0.767781	0.0020338	0.0206817	0.0294744	0.0501561	
1768	0.771818	0.00201844	0.0203706	0.0297851	0.0501557	
1770	0.775824	0.00200301	0.0200602	0.0300951	0.0501553	
1772	0.779799	0.00198749	0.0197506	0.0304043	0.0501549	
1774	0.783743	0.0019719	0.0194419	0.0307126	0.0501545	
1776	0.787655	0.00195622	0.019134	0.03102	0.050154	
1778	0.791536	0.00194047	0.0188271	0.0313265	0.0501535	
1780	0.795385	0.00192464	0.0185211	0.0316319	0.050153	
1782	0.799203	0.00190873	0.0182162	0.0319363	0.0501525	
1784	0.802988	0.00189275	0.0179124	0.0322395	0.0501519	
1786	0.806742	0.00187669	0.0176097	0.0325416	0.0501513	
1788	0.810463	0.00186055	0.0173082	0.0328425	0.0501507	
1790	0.814151	0.00184434	0.017008	0.0331421	0.0501501	
1792	0.817807	0.00182806	0.016709	0.0334405	0.0501494	
1794	0.821431	0.0018117	0.0164113	0.0337374	0.0501488	
1796	0.825021	0.00179527	0.016115	0.034033	0.0501481	
1798	0.828579	0.00177877	0.0158202	0.0343272	0.0501473	
1800	0.832103	0.0017622	0.0155268	0.0346198	0.0501466	
1802	0.835595	0.00174556	0.0152349	0.0349109	0.0501458	
1804	0.839052	0.00172885	0.0149446	0.0352004	0.050145	
1806	0.842476	0.00171207	0.0146559	0.0354883	0.0501442	
1808	0.845867	0.00169522	0.0143688	0.0357745	0.0501433	
1810	0.849223	0.0016783	0.0140835	0.036059	0.0501425	
1812	0.852546	0.00166132	0.0137998	0.0363417	0.0501416	
1814	0.855834	0.00164426	0.013518	0.0366226	0.0501407	
1816	0.859089	0.00162715	0.0132381	0.0369017	0.0501397	
1818	0.862309	0.00160997	0.01296	0.0371788	0.0501388	
1820	0.865494	0.00159272	0.0126838	0.037454	0.0501378	
1822	0.868645	0.00157541	0.0124096	0.0377272	0.0501368	
1824	0.871761	0.00155804	0.0121374	0.0379984	0.0501358	
1826	0.874842	0.0015406	0.0118673	0.0382675	0.0501347	
1828	0.877889	0.00152311	0.0115992	0.0385344	0.0501337	
1830	0.8809	0.00150555	0.0113334	0.0387992	0.0501326	
1832	0.883875	0.00148793	0.0110697	0.0390618	0.0501315	
1834	0.886816	0.00147025	0.0108082	0.0393221	0.0501303	
1836	0.889721	0.00145252	0.010549	0.0395802	0.0501292	
1838	0.89259	0.00143472	0.0102921	0.0398359	0.050128	
1840	0.895424	0.00141687	0.0100376	0.0400892	0.0501268	
1842	0.898222	0.00139896	0.00978546	0.0403401	0.0501256	
1844	0.900984	0.001381	0.00953576	0.0405886	0.0501244	
1846	0.90371	0.00136298	0.00928853	0.0408346	0.0501231	
1848	0.9064	0.0013449	0.00904381	0.041078	0.0501218	
1850	0.909053	0.00132677	0.00880165	0.0413189	0.0501206	
1852	0.911671	0.00130859	0.00856209	0.0415572	0.0501192	
1854	0.914251	0.00129036	0.00832515	0.0417928	0.0501179	
1856	0.916795	0.00127208	0.00809088	0.0420257	0.0501166	
1858	0.919303	0.00125374	0.00785931	0.0422559	0.0501152	
1860	0.921774	0.00123535	0.00763049	0.0424833	0.0501138	
1862	0.924207	0.00121692	0.00740444	0.042708	0.0501124	
1864	0.926604	0.00119843	0.00718122	0.0429298	0.050111	
1866	0.928964	0.0011799	0.00696084	0.0431487	0.0501096	
1868	0.931287	0.00116132	0.00674335	0.0433648	0.0501081	
1870	0.933572	0.0011427	0.00652878	0.0435779	0.0501066	
1872	0.93582	0.00112403	0.00631716	0.043788	0.0501051	
1874	0.938031	0.00110531	0.00610854	0.0439951	0.0501036	
1876	0.940204	0.00108655	0.00590293	0.0441992	0.0501021	
1878	0.94234	0.00106774	0.00570039	0.0444002	0.0501006	
1880	0.944437	0.0010489	0.00550093	0.0445981	0.050099	
1882	0.946497	0.00103001	0.00530459	0.0447929	0.0500974	
1884	0.948519	0.00101108	0.0051114	0.0449845	0.0500959	
1886	0.950504	0.000992108	0.00492139	0.0451729	0.0500943	
1888	0.95245	0.000973098	0.0047346	0.045358	0.0500926	
1890	0.954358	0.000954049	0.00455105	0.04554	0.050091	
1892	0.956228	0.000934962	0.00437077	0.0457186	0.0500894	
1894	0.95806	0.000915837	0.00419379	0.0458939	0.0500877	
1896	0.959853	0.000896676	0.00402014	0.0460659	0.050086	
1898	0.961608	0.000877479	0.00384985	0.0462345	0.0500843	
1900	0.963324	0.000858247	0.00368294	0.0463997	0.0500826	
1902	0.965002	0.00083898	0.00351944	0.0465615	0.0500809	
1904	0.966642	0.00081968	0.00335938	0.0467198	0.0500792	
1906	0.968242	0.000800348	0.00320278	0.0468747	0.0500774	
1908	0.969804	0.000780983	0.00304967	0.047026	0.0500757	
1910	0.971328	0.000761587	0.00290007	0.0471739	0.0500739	
1912	0.972812	0.00074216	0.00275401	0.0473181	0.0500722	
1914	0.974257	0.000722704	0.0026115	0.0474589	0.0500704	
1916	0.975664	0.000703219	0.00247258	0.047596	0.0500686	
1918	0.977031	0.000683705	0.00233726	0.0477295	0.0500668	
1920	0.978359	0.000664165	0.00220557	0.0478594	0.0500649	
1922	0.979649	0.000644598	0.00207753	0.0479856	0.0500631	
1924	0.980899	0.000625005	0.00195315	0.0481081	0.0500613	
1926	0.982109	0.000605387	0.00183246	0.0482269	0.0500594	
1928	0.983281	0.000585744	0.00171548	0.0483421	0.0500575	
1930	0.984413	0.000566079	0.00160223	0.0484535	0.0500557	
1932	0.985506	0.00054639	0.00149271	0.0485611	0.0500538	
1934	0.986559	0.00052668	0.00138696	0.0486649	0.0500519	
1936	0.987573	0.000506949	0.00128499	0.048765	0.05005	
1938	0.988547	0.000487198	0.00118681	0.0488613	0.0500481	
1940	0.989482	0.000467427	0.00109244	0.0489538	0.0500462	
1942	0.990378	0.000447637	0.0010019	0.0490424	0.0500443	
1944	0.991233	0.00042783	0.000915191	0.0491272	0.0500424	
1946	0.992049	0.000408005	0.00083234	0.0492081	0.0500404	
1948	0.992826	0.000388164	0.000753356	0.0492851	0.0500385	
1950	0.993562	0.000368307	0.000678252	0.0493583	0.0500365	
1952	0.994259	0.000348436	0.000607039	0.0494276	0.0500346	
1954	0.994916	0.000328551	0.000539729	0.0494929	0.0500326	
1956	0.995533	0.000308653	0.000476332	0.0495543	0.0500307	
1958	0.996111	0.000288742	0.00041686	0.0496119	0.0500287	
1960	0.996649	0.00026882	0.000361321	0.0496654	0.0500267	
1962	0.997146	0.000248887	0.000309723	0.049715	0.0500248	
1964	0.997604	0.000228944	0.000262077	0.0497607	0.0500228	
1966	0.998022	0.000208992	0.000218388	0.0498024	0.0500208	
1968	0.9984	0.000189031	0.000178664	0.0498402	0.0500188	
1970	0.998738	0.000169063	0.000142912	0.0498739	0.0500168	
1972	0.999037	0.000149089	0.000111137	0.0499037	0.0500148	
1974	0.999295	0.000129108	8.33442e-05	0.0499295	0.0500129	
1976	0.999513	0.000109122	5.9538e-05	0.0499513	0.0500109	
1978	0.999691	8.91317e-05	3.97223e-05	0.0499691	0.0500089	
1980	0.99983	6.91379e-05	2.39002e-05	0.049983	0.0500069	
1982	0.999928	4.91413e-05	1.20743e-05	0.0499928	0.0500049	
1984	0.999986	2.91427e-05	4.24649e-06	0.0499986	0.0500029	
1986	1	9.14301e-06	4.17973e-07	0.0500005	0.0500009	
1988	0.999983	-1.08571e-05	5.89381e-07	0.0499983	0.0499989	
1990	0.999921	-3.08567e-05	4.76069e-06	0.0499921	0.0499969	
1992	0.999819	-5.08552e-05	1.29312e-05	0.0499819	0.0499949	
1994	0.999678	-7.08516e-05	2.50997e-05	0.0499678	0.0499929	
1996	0.999496	-9.08451e-05	4.12642e-05	0.0499496	0.0499909	
1998	0.999274	-0.000110835	6.1422e-05	0.0499275	0.0499889	
2000	0.999013	-0.000130821	8.557e-05	0.0499013	0.0499869	
2002	0.998711	-0.000150801	0.000113704	0.0498712	0.0499849	
2004	0.99837	-0.000170775	0.000145821	0.0498371	0.0499829	
2006	0.997988	-0.000190742	0.000181913	0.049799	0.0499809	
2008	0.997567	-0.000210702	0.000221977	0.049757	0.0499789	
2010	0.997105	-0.000230653	0.000266005	0.049711	0.049977	
2012	0.996604	-0.000250596	0.000313991	0.049661	0.049975	
2014	0.996063	-0.000270528	0.000365926	0.0496071	0.049973	
2016	0.995482	-0.000290449	0.000421803	0.0495493	0.0499711	
2018	0.994862	-0.000310359	0.000481612	0.0494875	0.0499691	
2020	0.994201	-0.000330256	0.000545345	0.0494218	0.0499671	
2022	0.993501	-0.00035014	0.00061299	0.0493522	0.0499652	
2024	0.992761	-0.00037001	0.000684537	0.0492787	0.0499632	
2026	0.991981	-0.000389865	0.000759974	0.0492013	0.0499613	
2028	0.991162	-0.000409705	0.00083929	0.0491201	0.0499594	
2030	0.990303	-0.000429528	0.000922471	0.049035	0.0499574	
2032	0.989404	-0.000449334	0.00100951	0.048946	0.0499555	
2034	0.988466	-0.000469122	0.00110038	0.0488532	0.0499536	
2036	0.987488	-0.000488891	0.00119507	0.0487566	0.0499517	
2038	0.986471	-0.000508641	0.00129358	0.0486562	0.0499498	
2040	0.985414	-0.000528371	0.00139588	0.048552	0.0499479	
2042	0.984318	-0.000548079	0.00150195	0.0484441	0.049946	
2044	0.983182	-0.000567765	0.00161179	0.0483324	0.0499442	
2046	0.982007	-0.000587429	0.00172536	0.0482169	0.0499423	
2048	0.980793	-0.000607069	0.00184266	0.0480978	0.0499404	
2050	0.97954	-0.000626685	0.00196367	0.0479749	0.0499386	
2052	0.978247	-0.000646276	0.00208836	0.0478484	0.0499368	
2054	0.976916	-0.000665841	0.00221672	0.0477182	0.0499349	
2056	0.975545	-0.000685379	0.00234872	0.0475844	0.0499331	
2058	0.974135	-0.00070489	0.00248435	0.047447	0.0499313	
2060	0.972686	-0.000724373	0.00262358	0.0473059	0.0499295	
2062	0.971199	-0.000743826	0.00276639	0.0471614	0.0499277	
2064	0.969672	-0.00076325	0.00291275	0.0470132	0.049926	
2066	0.968107	-0.000782644	0.00306266	0.0468616	0.0499242	
2068	0.966503	-0.000802006	0.00321607	0.0467064	0.0499225	
2070	0.96486	-0.000821336	0.00337296	0.0465478	0.0499207	
2072	0.963179	-0.000840633	0.00353332	0.0463857	0.049919	
2074	0.961459	-0.000859897	0.00369711	0.0462202	0.0499173	
2076	0.959701	-0.000879126	0.00386431	0.0460513	0.0499156	
2078	0.957904	-0.00089832	0.00403489	0.045879	0.0499139	
2080	0.956069	-0.000917478	0.00420883	0.0457034	0.0499123	
2082	0.954196	-0.000936599	0.00438609	0.0455245	0.0499106	
2084	0.952285	-0.000955683	0.00456665	0.0453423	0.049909	
2086	0.950335	-0.000974729	0.00475048	0.0451569	0.0499074	
2088	0.948348	-0.000993736	0.00493755	0.0449682	0.0499057	
2090	0.946323	-0.0010127	0.00512783	0.0447763	0.0499042	
2092	0.944259	-0.00103163	0.00532129	0.0445813	0.0499026	
2094	0.942158	-0.00105051	0.0055179	0.0443831	0.049901	
2096	0.94002	-0.00106936	0.00571763	0.0441818	0.0498995	
2098	0.937843	-0.00108816	0.00592044	0.0439775	0.0498979	
2100	0.935629	-0.00110691	0.0061263	0.0437701	0.0498964	
2102	0.933378	-0.00112563	0.00633518	0.0435597	0.0498949	
2104	0.93109	-0.00114429	0.00654705	0.0433464	0.0498934	
2106	0.928764	-0.00116292	0.00676188	0.0431301	0.049892	
2108	0.926401	-0.00118149	0.00697962	0.0429109	0.0498905	
2110	0.924001	-0.00120002	0.00720024	0.0426889	0.0498891	
2112	0.921564	-0.0012185	0.00742371	0.042464	0.0498877	
2114	0.91909	-0.00123693	0.00764999	0.0422363	0.0498863	
2116	0.916579	-0.00125531	0.00787905	0.0420059	0.0498849	
2118	0.914032	-0.00127364	0.00811085	0.0417727	0.0498836	
2120	0.911448	-0.00129192	0.00834535	0.0415369	0.0498822	
2122	0.908828	-0.00131015	0.00858252	0.0412984	0.0498809	
2124	0.906171	-0.00132833	0.00882231	0.0410573	0.0498796	
2126	0.903478	-0.00134645	0.00906469	0.0408137	0.0498783	
2128	0.900749	-0.00136452	0.00930962	0.0405675	0.0498771	
2130	0.897984	-0.00138254	0.00955706	0.0403188	0.0498758	
2132	0.895183	-0.0014005	0.00980698	0.0400676	0.0498746	
2134	0.892346	-0.0014184	0.0100593	0.0398141	0.0498734	
2136	0.889474	-0.00143625	0.0103141	0.0395582	0.0498722	
2138	0.886566	-0.00145404	0.0105711	0.0392999	0.0498711	
2140	0.883622	-0.00147177	0.0108305	0.0390394	0.0498699	
2142	0.880643	-0.00148944	0.0110922	0.0387766	0.0498688	
2144	0.877629	-0.00150705	0.0113561	0.0385117	0.0498677	
2146	0.87458	-0.00152461	0.0116221	0.0382445	0.0498667	
2148	0.871496	-0.0015421	0.0118903	0.0379753	0.0498656	
2150	0.868377	-0.00155953	0.0121607	0.0377039	0.0498646	
2152	0.865223	-0.0015769	0.012433	0.0374305	0.0498636	
2154	0.862035	-0.0015942	0.0127074	0.0371552	0.0498626	
2156	0.858812	-0.00161144	0.0129837	0.0368779	0.0498616	
2158	0.855555	-0.00162862	0.013262	0.0365987	0.0498607	
2160	0.852263	-0.00164573	0.0135421	0.0363176	0.0498597	
2162	0.848938	-0.00166277	0.0138241	0.0360348	0.0498588	
2164	0.845578	-0.00167975	0.0141079	0.0357501	0.049858	
2166	0.842185	-0.00169666	0.0143934	0.0354638	0.0498571	
2168	0.838758	-0.00171351	0.0146806	0.0351757	0.0498563	
2170	0.835297	-0.00173028	0.0149694	0.0348861	0.0498555	
2172	0.831803	-0.00174699	0.0152599	0.0345948	0.0498547	
2174	0.828276	-0.00176363	0.0155519	0.0343021	0.0498539	
2176	0.824716	-0.00178019	0.0158454	0.0340078	0.0498532	
2178	0.821122	-0.00179669	0.0161404	0.0337121	0.0498525	
2180	0.817496	-0.00181311	0.0164368	0.033415	0.0498518	
2182	0.813837	-0.00182946	0.0167346	0.0331165	0.0498511	
2184	0.810146	-0.00184573	0.0170337	0.0328168	0.0498505	
2186	0.806422	-0.00186194	0.0173341	0.0325158	0.0498498	
2188	0.802666	-0.00187807	0.0176357	0.0322136	0.0498493	
2190	0.798877	-0.00189412	0.0179384	0.0319103	0.0498487	
2192	0.795057	-0.0019101	0.0182423	0.0316058	0.0498481	
2194	0.791205	-0.001926	0.0185473	0.0313003	0.0498476	
2196	0.787322	-0.00194182	0.0188534	0.0309938	0.0498471	
2198	0.783406	-0.00195757	0.0191604	0.0306863	0.0498466	
2200	0.77946	-0.00197324	0.0194683	0.0303779	0.0498462	
2202	0.775482	-0.00198883	0.0197771	0.0300686	0.0498458	
2204	0.771474	-0.00200433	0.0200868	0.0297586	0.0498454	
2206	0.767434	-0.00201976	0.0203972	0.0294478	0.049845	
2208	0.763364	-0.00203511	0.0207084	0.0291362	0.0498446	
2210	0.759263	-0.00205038	0.0210203	0.028824	0.0498443	
2212	0.755132	-0.00206557	0.0213328	0.0285112	0.049844	
2214	0.750971	-0.00208067	0.0216459	0.0281978	0.0498437	
2216	0.746779	-0.00209569	0.0219595	0.027884	0.0498435	
2218	0.742558	-0.00211062	0.0222736	0.0275696	0.0498433	
2220	0.738307	-0.00212547	0.0225882	0.0272549	0.0498431	
2222	0.734026	-0.00214024	0.0229031	0.0269397	0.0498429	
2224	0.729717	-0.00215492	0.0232184	0.0266243	0.0498427	
2226	0.725378	-0.00216952	0.023534	0.0263086	0.0498426	
2228	0.72101	-0.00218402	0.0238498	0.0259927	0.0498425	
2230	0.716613	-0.00219844	0.0241657	0.0256767	0.0498424	
2232	0.712187	-0.00221277	0.0244819	0.0253605	0.0498424	
2234	0.707733	-0.00222702	0.0247981	0.0250443	0.0498424	
2236	0.703251	-0.00224117	0.0251143	0.0247281	0.0498424	
2238	0.69874	-0.00225524	0.0254305	0.0244119	0.0498424	
2240	0.694202	-0.00226921	0.0257466	0.0240958	0.0498425	
2242	0.689636	-0.0022831	0.0260627	0.0237799	0.0498425	
2244	0.685042	-0.00229689	0.0263785	0.0234641	0.0498426	
2246	0.680421	-0.00231059	0.0266941	0.0231486	0.0498428	
2248	0.675772	-0.0023242	0.0270095	0.0228334	0.0498429	
2250	0.671097	-0.00233771	0.0273245	0.0225186	0.0498431	
2252	0.666395	-0.00235114	0.0276392	0.0222041	0.0498433	
2254	0.661666	-0.00236446	0.0279535	0.0218901	0.0498435	
2256	0.65691	-0.0023777	0.0282672	0.0215766	0.0498438	
2258	0.652129	-0.00239084	0.0285805	0.0212636	0.0498441	
2260	0.647321	-0.00240388	0.0288932	0.0209512	0.0498444	
2262	0.642487	-0.00241682	0.0292052	0.0206395	0.0498447	
2264	0.637628	-0.00242967	0.0295166	0.0203285	0.0498451	
2266	0.632743	-0.00244243	0.0298272	0.0200182	0.0498454	
2268	0.627833	-0.00245508	0.0301371	0.0197087	0.0498458	
2270	0.622898	-0.00246764	0.0304462	0.0194001	0.0498463	
2272	0.617938	-0.0024801	0.0307544	0.0190923	0.0498467	
2274	0.612953	-0.00249246	0.0310617	0.0187855	0.0498472	
2276	0.607943	-0.00250471	0.031368	0.0184797	0.0498477	
2278	0.602909	-0.00251687	0.0316732	0.018175	0.0498482	
2280	0.597852	-0.00252893	0.0319775	0.0178713	0.0498488	
2282	0.59277	-0.00254089	0.0322806	0.0175688	0.0498494	
2284	0.587664	-0.00255274	0.0325825	0.0172675	0.04985	
2286	0.582535	-0.0025645	0.0328832	0.0169674	0.0498506	
2288	0.577383	-0.00257615	0.0331827	0.0166686	0.0498512	
2290	0.572208	-0.0025877	0.0334808	0.0163711	0.0498519	
2292	0.567009	-0.00259914	0.0337776	0.016075	0.0498526	
2294	0.561788	-0.00261048	0.034073	0.0157803	0.0498533	
2296	0.556545	-0.00262172	0.034367	0.0154871	0.0498541	
2298	0.551279	-0.00263285	0.0346594	0.0151954	0.0498548	
2300	0.545991	-0.00264387	0.0349503	0.0149053	0.0498556	
2302	0.540682	-0.00265479	0.0352396	0.0146168	0.0498564	
2304	0.535351	-0.00266561	0.0355273	0.01433	0.0498573	
2306	0.529998	-0.00267631	0.0358132	0.0140449	0.0498581	
2308	0.524624	-0.00268691	0.0360975	0.0137615	0.049859	
2310	0.519229	-0.0026974	0.03638	0.01348	0.0498599	
2312	0.513814	-0.00270779	0.0366606	0.0132002	0.0498608	
2314	0.508378	-0.00271807	0.0369394	0.0129224	0.0498618	
2316	0.502921	-0.00272823	0.0372163	0.0126465	0.0498628	
2318	0.497445	-0.00273829	0.0374912	0.0123726	0.0498638	
2320	0.491948	-0.00274824	0.0377641	0.0121007	0.0498648	
2322	0.486432	-0.00275808	0.038035	0.0118308	0.0498658	
2324	0.480896	-0.00276781	0.0383038	0.0115631	0.0498669	
2326	0.475342	-0.00277743	0.0385705	0.0112975	0.049868	
2328	0.469768	-0.00278693	0.038835	0.0110341	0.0498691	
2330	0.464175	-0.00279633	0.0390973	0.0107729	0.0498702	
2332	0.458564	-0.00280561	0.0393573	0.010514	0.0498713	
2334	0.452934	-0.00281478	0.039615	0.0102575	0.0498725	
2336	0.447287	-0.00282384	0.0398704	0.0100033	0.0498737	
2338	0.441621	-0.00283279	0.0401234	0.00975146	0.0498749	
2340	0.435938	-0.00284162	0.040374	0.00950209	0.0498761	
2342	0.430237	-0.00285034	0.0406221	0.0092552	0.0498773	
2344	0.424519	-0.00285894	0.0408678	0.00901083	0.0498786	
2346	0.418784	-0.00286743	0.0411109	0.00876902	0.0498799	
2348	0.413033	-0.00287581	0.0413514	0.0085298	0.0498812	
2350	0.407265	-0.00288407	0.0415893	0.00829322	0.0498825	
2352	0.40148	-0.00289222	0.0418245	0.00805932	0.0498839	
2354	0.39568	-0.00290024	0.0420571	0.00782812	0.0498852	
2356	0.389863	-0.00290816	0.0422869	0.00759967	0.0498866	
2358	0.384032	-0.00291596	0.042514	0.00737401	0.049888	
2360	0.378184	-0.00292364	0.0427383	0.00715117	0.0498894	
2362	0.372322	-0.0029312	0.0429597	0.00693118	0.0498908	
2364	0.366445	-0.00293865	0.0431782	0.00671408	0.0498923	
2366	0.360553	-0.00294598	0.0433939	0.00649991	0.0498938	
2368	0.354646	-0.00295319	0.0436065	0.0062887	0.0498952	
2370	0.348726	-0.00296028	0.0438163	0.00608048	0.0498967	
2372	0.342791	-0.00296725	0.044023	0.00587529	0.0498983	
2374	0.336843	-0.00297411	0.0442266	0.00567316	0.0498998	
2376	0.330881	-0.00298085	0.0444272	0.00547412	0.0499014	
2378	0.324906	-0.00298746	0.0446247	0.00527821	0.0499029	
2380	0.318918	-0.00299396	0.044819	0.00508545	0.0499045	
2382	0.312918	-0.00300034	0.0450102	0.00489588	0.0499061	
2384	0.306905	-0.0030066	0.0451982	0.00470952	0.0499077	
2386	0.300879	-0.00301274	0.0453829	0.00452641	0.0499093	
2388	0.294842	-0.00301875	0.0455644	0.00434658	0.049911	
2390	0.288792	-0.00302465	0.0457426	0.00417005	0.0499126	
2392	0.282731	-0.00303043	0.0459174	0.00399685	0.0499143	
2394	0.276659	-0.00303608	0.046089	0.00382702	0.049916	
2396	0.270576	-0.00304162	0.0462571	0.00366057	0.0499177	
2398	0.264482	-0.00304703	0.0464219	0.00349754	0.0499194	
2400	0.258377	-0.00305232	0.0465832	0.00333794	0.0499211	
2402	0.252262	-0.00305748	0.046741	0.00318182	0.0499228	
2404	0.246137	-0.00306253	0.0468954	0.00302918	0.0499246	
2406	0.240002	-0.00306745	0.0470463	0.00288006	0.0499264	
2408	0.233858	-0.00307225	0.0471937	0.00273448	0.0499281	
2410	0.227704	-0.00307693	0.0473375	0.00259246	0.0499299	
2412	0.221541	-0.00308148	0.0474777	0.00245402	0.0499317	
2414	0.215369	-0.00308591	0.0476143	0.0023192	0.0499335	
2416	0.209189	-0.00309022	0.0477473	0.002188	0.0499353	
2418	0.203	-0.0030944	0.0478767	0.00206045	0.0499372	
2420	0.196803	-0.00309846	0.0480024	0.00193657	0.049939	
2422	0.190598	-0.0031024	0.0481245	0.00181639	0.0499408	
2424	0.184386	-0.00310621	0.0482428	0.00169991	0.0499427	
2426	0.178166	-0.0031099	0.0483574	0.00158716	0.0499446	
2428	0.171939	-0.00311346	0.0484683	0.00147815	0.0499464	
2430	0.165705	-0.0031169	0.0485754	0.00137291	0.0499483	
2432	0.159465	-0.00312022	0.0486788	0.00127145	0.0499502	
2434	0.153218	-0.00312341	0.0487783	0.00117379	0.0499521	
2436	0.146965	-0.00312647	0.0488741	0.00107994	0.049954	
2438	0.140706	-0.00312941	0.048966	0.000989914	0.0499559	
2440	0.134442	-0.00313222	0.0490541	0.000903731	0.0499579	
2442	0.128172	-0.00313491	0.0491384	0.000821404	0.0499598	
2444	0.121897	-0.00313748	0.0492188	0.000742946	0.0499617	
2446	0.115617	-0.00313991	0.0492953	0.000668368	0.0499637	
2448	0.109333	-0.00314223	0.0493679	0.000597684	0.0499656	
2450	0.103044	-0.00314441	0.0494367	0.000530904	0.0499676	
2452	0.0967511	-0.00314647	0.0495015	0.000468039	0.0499695	
2454	0.0904543	-0.00314841	0.0495624	0.000409099	0.0499715	
2456	0.0841538	-0.00315022	0.0496194	0.000354093	0.0499735	
2458	0.07785	-0.0031519	0.0496724	0.000303031	0.0499754	
2460	0.0715431	-0.00315346	0.0497215	0.000255921	0.0499774	
2462	0.0652333	-0.00315489	0.0497666	0.000212769	0.0499794	
2464	0.0589209	-0.00315619	0.0498078	0.000173584	0.0499814	
2466	0.0526062	-0.00315737	0.049845	0.000138371	0.0499834	
2468	0.0462894	-0.00315842	0.0498782	0.000107135	0.0499853	
2470	0.0399707	-0.00315935	0.0499075	7.98827e-05	0.0499873	
2472	0.0336504	-0.00316015	0.0499327	5.66173e-05	0.0499893	
2474	0.0273287	-0.00316082	0.049954	3.73429e-05	0.0499913	
2476	0.021006	-0.00316137	0.0499713	2.20626e-05	0.0499933	
2478	0.0146824	-0.00316179	0.0499845	1.07786e-05	0.0499953	
2480	0.00835824	-0.00316208	0.0499938	3.49301e-06	0.0499973	
2482	0.00203374	-0.00316225	0.0499991	2.06804e-07	0.0499993	
2484	-0.00429084	-0.00316229	0.0500004	9.20567e-07	0.0500013	
2486	-0.0106153	-0.0031622	0.0499977	5.63418e-06	0.0500033	
2488	-0.0169392	-0.00316199	0.049991	1.43469e-05	0.0500053	
2490	-0.0232625	-0.00316165	0.0499803	2.70573e-05	0.0500073	
2492	-0.0295849	-0.00316119	0.0499656	4.37634e-05	0.0500093	
2494	-0.0359061	-0.0031606	0.0499469	6.44625e-05	0.0500113	
2496	-0.0422259	-0.00315988	0.0499242	8.91512e-05	0.0500133	
2498	-0.0485439	-0.00315903	0.0498975	0.000117826	0.0500153	
2500	-0.0548601	-0.00315806	0.0498668	0.000150481	0.0500173	
2502	-0.061174	-0.00315697	0.0498322	0.000187113	0.0500193	
2504	-0.0674855	-0.00315574	0.0497936	0.000227715	0.0500213	
2506	-0.0737943	-0.00315439	0.049751	0.00027228	0.0500233	
2508	-0.0801001	-0.00315292	0.0497044	0.000320801	0.0500252	
2510	-0.0864027	-0.00315131	0.0496539	0.000373272	0.0500272	
2512	-0.0927019	-0.00314959	0.0495995	0.000429682	0.0500292	
2514	-0.0989974	-0.00314773	0.0495411	0.000490024	0.0500311	
2516	-0.105289	-0.00314575	0.0494788	0.000554287	0.0500331	
2518	-0.111576	-0.00314365	0.0494126	0.000622462	0.050035	
2520	-0.117859	-0.00314142	0.0493425	0.000694537	0.050037	
2522	-0.124137	-0.00313906	0.0492684	0.000770501	0.0500389	
2524	-0.13041	-0.00313658	0.0491905	0.000850342	0.0500409	
2526	-0.136678	-0.00313397	0.0491088	0.000934047	0.0500428	
2528	-0.142941	-0.00313123	0.0490231	0.0010216	0.0500447	
2530	-0.149197	-0.00312837	0.0489336	0.00111299	0.0500466	
2532	-0.155448	-0.00312539	0.0488403	0.00120821	0.0500486	
2534	-0.161693	-0.00312228	0.0487432	0.00130723	0.0500505	
2536	-0.167931	-0.00311905	0.0486423	0.00141004	0.0500523	
2538	-0.174162	-0.00311569	0.0485376	0.00151662	0.0500542	
2540	-0.180387	-0.00311221	0.0484291	0.00162697	0.0500561	
2542	-0.186604	-0.0031086	0.0483169	0.00174105	0.050058	
2544	-0.192814	-0.00310487	0.048201	0.00185885	0.0500598	
2546	-0.199016	-0.00310101	0.0480813	0.00198036	0.0500617	
2548	-0.20521	-0.00309703	0.047958	0.00210555	0.0500635	
2550	-0.211396	-0.00309293	0.047831	0.0022344	0.0500654	
2552	-0.217573	-0.0030887	0.0477003	0.0023669	0.0500672	
2554	-0.223742	-0.00308435	0.047566	0.00250302	0.050069	
2556	-0.229901	-0.00307987	0.0474281	0.00264273	0.0500708	
2558	-0.236052	-0.00307527	0.0472865	0.00278603	0.0500726	
2560	-0.242193	-0.00307055	0.0471415	0.00293287	0.0500743	
2562	-0.248324	-0.00306571	0.0469929	0.00308325	0.0500761	
2564	-0.254446	-0.00306074	0.0468407	0.00323714	0.0500779	
2566	-0.260557	-0.00305565	0.0466851	0.0033945	0.0500796	
2568	-0.266658	-0.00305044	0.046526	0.00355533	0.0500813	
2570	-0.272748	-0.00304511	0.0463634	0.00371958	0.050083	
2572	-0.278828	-0.00303965	0.0461975	0.00388724	0.0500847	
2574	-0.284896	-0.00303408	0.0460281	0.00405828	0.0500864	
2576	-0.290953	-0.00302838	0.0458554	0.00423267	0.0500881	
2578	-0.296998	-0.00302256	0.0456794	0.00441038	0.0500897	
2580	-0.303031	-0.00301662	0.0455	0.00459139	0.0500914	
2582	-0.309052	-0.00301056	0.0453174	0.00477566	0.050093	
2584	-0.315061	-0.00300438	0.0451315	0.00496316	0.0500946	
2586	-0.321057	-0.00299808	0.0449424	0.00515388	0.0500962	
2588	-0.32704	-0.00299166	0.04475	0.00534777	0.0500978	
2590	-0.33301	-0.00298512	0.0445546	0.0055448	0.0500994	
2592	-0.338967	-0.00297846	0.044356	0.00574495	0.0501009	
2594	-0.344911	-0.00297168	0.0441543	0.00594817	0.0501025	
2596	-0.35084	-0.00296478	0.0439495	0.00615445	0.050104	
2598	-0.356756	-0.00295776	0.0437418	0.00636374	0.0501055	
2600	-0.362657	-0.00295063	0.043531	0.00657601	0.050107	
2602	-0.368544	-0.00294337	0.0433172	0.00679123	0.0501084	
2604	-0.374416	-0.002936	0.0431005	0.00700936	0.0501099	
2606	-0.380273	-0.00292851	0.042881	0.00723037	0.0501113	
2608	-0.386115	-0.00292091	0.0426585	0.00745423	0.0501128	
2610	-0.391941	-0.00291319	0.0424333	0.00768089	0.0501141	
2612	-0.397752	-0.00290535	0.0422052	0.00791032	0.0501155	
2614	-0.403547	-0.00289739	0.0419744	0.00814249	0.0501169	
2616	-0.409325	-0.00288932	0.0417409	0.00837736	0.0501182	
2618	-0.415087	-0.00288113	0.0415047	0.00861488	0.0501196	
2620	-0.420833	-0.00287283	0.0412658	0.00885503	0.0501209	
2622	-0.426562	-0.00286442	0.0410244	0.00909776	0.0501222	
2624	-0.432274	-0.00285589	0.0407804	0.00934303	0.0501234	
2626	-0.437968	-0.00284724	0.0405339	0.00959081	0.0501247	
2628	-0.443645	-0.00283848	0.0402849	0.00984105	0.0501259	
2630	-0.449304	-0.00282961	0.0400334	0.0100937	0.0501271	
2632	-0.454946	-0.00282062	0.0397795	0.0103488	0.0501283	
2634	-0.460569	-0.00281152	0.0395233	0.0106062	0.0501295	
2636	-0.466173	-0.00280231	0.0392647	0.0108659	0.0501306	
2638	-0.471759	-0.00279299	0.0390039	0.0111278	0.0501317	
2640	-0.477326	-0.00278355	0.0387408	0.011392	0.0501328	
2642	-0.482874	-0.00277401	0.0384755	0.0116584	0.0501339	
2644	-0.488403	-0.00276435	0.0382081	0.0119269	0.050135	
2646	-0.493912	-0.00275458	0.0379386	0.0121975	0.050136	
2648	-0.499402	-0.0027447	0.0376669	0.0124701	0.050137	
2650	-0.504871	-0.00273471	0.0373933	0.0127447	0.050138	
2652	-0.51032	-0.00272462	0.0371177	0.0130213	0.050139	
2654	-0.515749	-0.00271441	0.0368401	0.0132999	0.05014	
2656	-0.521157	-0.00270409	0.0365606	0.0135802	0.0501409	
2658	-0.526545	-0.00269367	0.0362793	0.0138625	0.0501418	
2660	-0.531911	-0.00268314	0.0359962	0.0141465	0.0501427	
2662	-0.537256	-0.0026725	0.0357113	0.0144322	0.0501435	
2664	-0.542579	-0.00266176	0.0354248	0.0147196	0.0501444	
2666	-0.547881	-0.00265091	0.0351365	0.0150087	0.0501452	
2668	-0.553161	-0.00263995	0.0348466	0.0152994	0.050146	
2670	-0.558419	-0.00262888	0.0345552	0.0155916	0.0501468	
2672	-0.563654	-0.00261772	0.0342622	0.0158853	0.0501475	
2674	-0.568867	-0.00260644	0.0339677	0.0161805	0.0501482	
2676	-0.574057	-0.00259507	0.0336718	0.0164771	0.0501489	
2678	-0.579225	-0.00258358	0.0333746	0.0167751	0.0501496	
2680	-0.584369	-0.002572	0.0330759	0.0170743	0.0501503	
2682	-0.589489	-0.00256031	0.032776	0.0173749	0.0501509	
2684	-0.594586	-0.00254852	0.0324748	0.0176766	0.0501515	
2686	-0.59966	-0.00253663	0.0321725	0.0179796	0.0501521	
2688	-0.604709	-0.00252464	0.031869	0.0182836	0.0501526	
2690	-0.609734	-0.00251254	0.0315644	0.0185888	0.0501532	
2692	-0.614735	-0.00250035	0.0312587	0.0188949	0.0501537	
2694	-0.619711	-0.00248805	0.0309521	0.0192021	0.0501541	
2696	-0.624662	-0.00247566	0.0306445	0.0195101	0.0501546	
2698	-0.629588	-0.00246317	0.030336	0.0198191	0.050155	
2700	-0.63449	-0.00245058	0.0300266	0.0201288	0.0501554	
2702	-0.639365	-0.00243789	0.0297164	0.0204394	0.0501558	
2704	-0.644216	-0.0024251	0.0294055	0.0207507	0.0501562	
2706	-0.64904	-0.00241221	0.0290939	0.0210626	0.0501565	
2708	-0.653838	-0.00239923	0.0287816	0.0213752	0.0501568	
2710	-0.658611	-0.00238616	0.0284687	0.0216884	0.0501571	
2712	-0.663357	-0.00237298	0.0281553	0.0220021	0.0501574	
2714	-0.668076	-0.00235972	0.0278413	0.0223163	0.0501576	
2716	-0.672769	-0.00234636	0.0275269	0.0226309	0.0501578	
2718	-0.677435	-0.0023329	0.0272121	0.0229459	0.050158	
2720	-0.682073	-0.00231935	0.026897	0.0232612	0.0501582	
2722	-0.686685	-0.00230571	0.0265815	0.0235768	0.0501583	
2724	-0.691269	-0.00229198	0.0262658	0.0238926	0.0501584	
2726	-0.695825	-0.00227815	0.0259499	0.0242086	0.0501585	
2728	-0.700354	-0.00226423	0.0256338	0.0245248	0.0501585	
2730	-0.704854	-0.00225023	0.0253176	0.024841	0.0501586	
2732	-0.709326	-0.00223613	0.0250014	0.0251572	0.0501586	
2734	-0.71377	-0.00222194	0.0246852	0.0254734	0.0501586	
2736	-0.718185	-0.00220767	0.024369	0.0257895	0.0501585	
2738	-0.722572	-0.0021933	0.0240529	0.0261055	0.0501584	
2740	-0.72693	-0.00217885	0.023737	0.0264213	0.0501584	
2742	-0.731258	-0.00216431	0.0234213	0.0267369	0.0501582	
2744	-0.735558	-0.00214969	0.0231058	0.0270523	0.0501581	
2746	-0.739828	-0.00213498	0.0227907	0.0273673	0.0501579	
2748	-0.744068	-0.00212018	0.0224759	0.0276819	0.0501577	
2750	-0.748279	-0.0021053	0.0221614	0.027996	0.0501575	
2752	-0.752459	-0.00209033	0.0218475	0.0283097	0.0501572	
2754	-0.75661	-0.00207529	0.021534	0.0286229	0.050157	
2756	-0.76073	-0.00206015	0.0212212	0.0289355	0.0501567	
2758	-0.76482	-0.00204494	0.0209089	0.0292475	0.0501564	
2760	-0.768879	-0.00202964	0.0205972	0.0295588	0.050156	
2762	-0.772908	-0.00201426	0.0202863	0.0298693	0.0501556	
2764	-0.776905	-0.00199881	0.0199761	0.0301791	0.0501552	
2766	-0.780872	-0.00198327	0.0196668	0.0304881	0.0501548	
2768	-0.784807	-0.00196765	0.0193583	0.0307961	0.0501544	
2770	-0.788711	-0.00195195	0.0190506	0.0311033	0.0501539	
2772	-0.792584	-0.00193618	0.018744	0.0314094	0.0501534	
2774	-0.796424	-0.00192033	0.0184383	0.0317146	0.0501529	
2776	-0.800233	-0.0019044	0.0181337	0.0320186	0.0501523	
2778	-0.80401	-0.0018884	0.0178302	0.0323216	0.0501518	
2780	-0.807754	-0.00187232	0.0175278	0.0326234	0.0501512	
2782	-0.811467	-0.00185616	0.0172267	0.0329239	0.0501506	
2784	-0.815147	-0.00183993	0.0169267	0.0332232	0.0501499	
2786	-0.818794	-0.00182363	0.0166281	0.0335212	0.0501493	
2788	-0.822408	-0.00180725	0.0163308	0.0338178	0.0501486	
2790	-0.82599	-0.0017908	0.0160349	0.034113	0.0501479	
2792	-0.829538	-0.00177428	0.0157404	0.0344067	0.0501471	
2794	-0.833054	-0.00175769	0.0154474	0.0346989	0.0501464	
2796	-0.836536	-0.00174103	0.015156	0.0349896	0.0501456	
2798	-0.839984	-0.0017243	0.0148661	0.0352787	0.0501448	
2800	-0.843399	-0.0017075	0.0145778	0.0355661	0.0501439	
2802	-0.846781	-0.00169063	0.0142912	0.0358519	0.0501431	
2804	-0.850128	-0.0016737	0.0140063	0.0361359	0.0501422	
2806	-0.853441	-0.0016567	0.0137232	0.0364181	0.0501413	
2808	-0.856721	-0.00163963	0.0134419	0.0366985	0.0501404	
2810	-0.859966	-0.00162249	0.0131624	0.0369771	0.0501395	
2812	-0.863176	-0.00160529	0.0128848	0.0372537	0.0501385	
2814	-0.866352	-0.00158803	0.0126092	0.0375283	0.0501375	
2816	-0.869494	-0.0015707	0.0123355	0.037801	0.0501365	
2818	-0.8726	-0.00155331	0.0120639	0.0380716	0.0501355	
2820	-0.875672	-0.00153586	0.0117943	0.0383401	0.0501344	
2822	-0.878709	-0.00151835	0.0115269	0.0386065	0.0501334	
2824	-0.88171	-0.00150077	0.0112616	0.0388707	0.0501323	
2826	-0.884677	-0.00148314	0.0109985	0.0391326	0.0501311	
2828	-0.887608	-0.00146545	0.0107376	0.0393924	0.05013	
2830	-0.890503	-0.00144769	0.0104791	0.0396498	0.0501289	
2832	-0.893363	-0.00142988	0.0102228	0.0399049	0.0501277	
2834	-0.896187	-0.00141202	0.00996894	0.0401575	0.0501265	
2836	-0.898975	-0.00139409	0.00971746	0.0404078	0.0501253	
2838	-0.901727	-0.00137611	0.00946843	0.0406556	0.050124	
2840	-0.904443	-0.00135808	0.00922188	0.0409009	0.0501228	
2842	-0.907123	-0.00133999	0.00897785	0.0411436	0.0501215	
2844	-0.909767	-0.00132185	0.00873639	0.0413838	0.0501202	
2846	-0.912374	-0.00130365	0.00849753	0.0416213	0.0501189	
2848	-0.914945	-0.0012854	0.00826131	0.0418562	0.0501175	
2850	-0.917479	-0.0012671	0.00802777	0.0420884	0.0501162	
2852	-0.919977	-0.00124876	0.00779695	0.0423179	0.0501148	
2854	-0.922438	-0.00123036	0.00756887	0.0425446	0.0501134	
2856	-0.924861	-0.00121191	0.00734359	0.0427684	0.050112	
2858	-0.927248	-0.00119341	0.00712113	0.0429895	0.0501106	
2860	-0.929598	-0.00117486	0.00690153	0.0432076	0.0501092	
2862	-0.931911	-0.00115627	0.00668483	0.0434229	0.0501077	
2864	-0.934186	-0.00113763	0.00647106	0.0436352	0.0501062	
2866	-0.936424	-0.00111895	0.00626025	0.0438445	0.0501047	
2868	-0.938624	-0.00110022	0.00605244	0.0440508	0.0501032	
2870	-0.940787	-0.00108145	0.00584767	0.044254	0.0501017	
2872	-0.942912	-0.00106263	0.00564596	0.0444542	0.0501001	
2874	-0.945	-0.00104378	0.00544734	0.0446512	0.0500986	
2876	-0.94705	-0.00102488	0.00525185	0.0448451	0.050097	
2878	-0.949061	-0.00100593	0.00505952	0.0450359	0.0500954	
2880	-0.951035	-0.000986953	0.00487039	0.0452234	0.0500938	
2882	-0.952971	-0.000967933	0.00468447	0.0454077	0.0500922	
2884	-0.954869	-0.000948873	0.0045018	0.0455887	0.0500905	
2886	-0.956729	-0.000929776	0.00432242	0.0457665	0.0500889	
2888	-0.95855	-0.000910641	0.00414634	0.0459409	0.0500872	
2890	-0.960333	-0.00089147	0.0039736	0.0461119	0.0500855	
2892	-0.962077	-0.000872264	0.00380422	0.0462796	0.0500839	
2894	-0.963783	-0.000853022	0.00363823	0.0464439	0.0500822	
2896	-0.965451	-0.000833747	0.00347567	0.0466048	0.0500804	
2898	-0.96708	-0.000814438	0.00331654	0.0467622	0.0500787	
2900	-0.96867	-0.000795096	0.00316089	0.0469161	0.050077	
2902	-0.970221	-0.000775723	0.00300873	0.0470665	0.0500752	
2904	-0.971734	-0.000756318	0.00286009	0.0472133	0.0500734	
2906	-0.973208	-0.000736884	0.00271499	0.0473567	0.0500717	
2908	-0.974643	-0.000717419	0.00257345	0.0474964	0.0500699	
2910	-0.976039	-0.000697927	0.00243551	0.0476326	0.0500681	
2912	-0.977395	-0.000678406	0.00230117	0.0477651	0.0500663	
2914	-0.978713	-0.000658858	0.00217047	0.047894	0.0500644	
2916	-0.979992	-0.000639284	0.00204342	0.0480192	0.0500626	
2918	-0.981231	-0.000619684	0.00192004	0.0481407	0.0500608	
2920	-0.982431	-0.000600059	0.00180036	0.0482586	0.0500589	
2922	-0.983592	-0.000580411	0.00168438	0.0483727	0.050057	
2924	-0.984713	-0.000560739	0.00157214	0.048483	0.0500552	
2926	-0.985795	-0.000541044	0.00146365	0.0485896	0.0500533	
2928	-0.986838	-0.000521328	0.00135892	0.0486925	0.0500514	
2930	-0.987841	-0.000501592	0.00125797	0.0487915	0.0500495	
2932	-0.988805	-0.000481835	0.00116082	0.0488868	0.0500476	
2934	-0.989729	-0.000462059	0.00106749	0.0489782	0.0500457	
2936	-0.990614	-0.000442264	0.000977988	0.0490658	0.0500438	
2938	-0.991459	-0.000422452	0.000892328	0.0491495	0.0500418	
2940	-0.992264	-0.000402623	0.000810525	0.0492294	0.0500399	
2942	-0.993029	-0.000382777	0.000732593	0.0493054	0.050038	
2944	-0.993755	-0.000362917	0.000658543	0.0493775	0.050036	
2946	-0.994441	-0.000343042	0.000588388	0.0494457	0.0500341	
2948	-0.995088	-0.000323153	0.000522139	0.04951	0.0500321	
2950	-0.995694	-0.000303251	0.000459806	0.0495703	0.0500301	
2952	-0.996261	-0.000283337	0.0004014	0.0496268	0.0500282	
2954	-0.996788	-0.000263412	0.00034693	0.0496793	0.0500262	
2956	-0.997275	-0.000243476	0.000296404	0.0497278	0.0500242	
2958	-0.997722	-0.000223531	0.00024983	0.0497724	0.0500223	
2960	-0.998129	-0.000203576	0.000207217	0.0498131	0.0500203	
2962	-0.998496	-0.000183614	0.00016857	0.0498497	0.0500183	
2964	-0.998823	-0.000163644	0.000133897	0.0498824	0.0500163	
2966	-0.999111	-0.000143667	0.000103202	0.0499111	0.0500143	
2968	-0.999358	-0.000123685	7.64902e-05	0.0499358	0.0500123	
2970	-0.999565	-0.000103698	5.37665e-05	0.0499566	0.0500103	
2972	-0.999733	-8.37068e-05	3.50341e-05	0.0499733	0.0500083	
2974	-0.99986	-6.37121e-05	2.02962e-05	0.049986	0.0500063	
2976	-0.999948	-4.37149e-05	9.55498e-06	0.0499948	0.0500043	
2978	-0.999995	-2.3716e-05	2.81224e-06	0.0499995	0.0500023	
2980	-1	-3.71609e-06	6.90465e-08	0.0500003	0.0500003	
2982	-0.99997	1.6284e-05	1.32584e-06	0.049997	0.0499983	
2984	-0.999898	3.62834e-05	6.58241e-06	0.0499898	0.0499963	
2986	-0.999785	5.62813e-05	1.58379e-05	0.0499785	0.0499943	
2988	-0.999632	7.6277e-05	2.90909e-05	0.0499633	0.0499923	
2990	-0.99944	9.62697e-05	4.63392e-05	0.049944	0.0499904	
2992	-0.999207	0.000116258	6.75802e-05	0.0499208	0.0499884	
2994	-0.998935	0.000136243	9.28103e-05	0.0498936	0.0499864	
2996	-0.998622	0.000156221	0.000122026	0.0498623	0.0499844	
2998	-0.99827	0.000176194	0.000155221	0.0498272	0.0499824	
3000	-0.997878	0.000196159	0.000192392	0.049788	0.0499804	
